nombre,tipo,lat,lon,rating,n_resenas,precio,direccion,query_origen
Oliva Restaurant - Cocina Abierta,Restaurante,-16.497125099999998,-68.13851199999999,4.6,903,Bs 40-100,"Linares, La Paz",restaurantes La Paz Bolivia
YATI Restaurant café bar,Restaurante,-16.49852,-68.1371576,4.6,727,Bs 40-80,"+591, La Paz",restaurantes La Paz Bolivia
Popular Cocina Boliviana,Restaurante,-16.496019699999998,-68.1382794,4.6,1470,Bs 80-100,"Murillo 826, La Paz",restaurantes La Paz Bolivia
Gustu,Restaurante de cocina sudamericana,-16.544706899999998,-68.086413,4.5,1887,Más de Bs 200,"Calle 10 de Calacoto, casi, La Paz",restaurantes La Paz Bolivia
Café Restaurante Banais,Restaurante,-16.4967917,-68.1372583,4.5,853,Bs 40-120,"Sagarnaga 161, La Paz",restaurantes La Paz Bolivia
ASAU,Restaurante,-16.533439899999998,-68.07230489999999,4.7,227,Bs 100-200,"C. Santiago Fajardo 123, La Paz",restaurantes La Paz Bolivia
Manq'a Restaurante,Restaurante de cocina sudamericana,-16.5101409,-68.12633509999999,4.5,869,Bs 80-100,"Plaza Abaroa, Av. 20 de octubre #927 (entre, Belisario Salinas y, La Paz",restaurantes La Paz Bolivia
Restaurante Cafeteria Sabor Urbano,Restaurante,-16.4975816,-68.1385245,4.8,141,Bs 20-40,"Sagarnaga 319, La Paz",restaurantes La Paz Bolivia
LUDO COCINA A LA VISTA,Restaurante francés,-16.509089799999998,-68.1282409,4.5,345,Bs 80-180,"Pje. Medinacelli 2268, La Paz",restaurantes La Paz Bolivia
Restaurante Vegetariano Armonia,Restaurante vegetariano,-16.510229799999998,-68.12946939999999,4.7,111,Bs 20-40,"Ecuador 2286, esquina, La Paz",restaurantes La Paz Bolivia
Bodegón Porteño,Restaurante argentino,-16.5103883,-68.124889,4.5,252,Bs 60-160,"Dentro de la Casa Argentina, Av.6 de Agosto # 2535, Casi esquina, La Paz",restaurantes La Paz Bolivia
Mestizo Cocina de Autor,Restaurante,-16.5404124,-68.08739179999999,4.8,205,Bs 80-140,"Calle 12 de Calacoto Edif. Peñaloza N°7900, Av. Ballivián y",restaurantes La Paz Bolivia
Ayluri,Restaurante,-16.501514399999998,-68.1320956,4.9,155,Bs 60-80,"Campero, La Paz",restaurantes La Paz Bolivia
La Boliviana,Restaurante,-16.4971051,-68.1378665,4.3,171,Bs 60-80,"Calle Sagárnaga esquina Murillo, Galería Chuquiago #213 [segundo piso",restaurantes La Paz Bolivia
Sabor Cubano La Paz Bolivia,Restaurante cubano,-16.4978971,-68.1389654,4.5,641,Bs 40-100,"Calle Sagarnaga 357 entre la illampu y, Linares, La Paz",restaurantes La Paz Bolivia
El Bosque Boulevard,Zona de restauración,-16.5408413,-68.08386519999999,4.6,1709,Bs 40-140,"Calle 15, Av. Sanchez Bustamante y, La Paz",restaurantes La Paz Bolivia
Carbón & Sal,Restaurante argentino,-16.5347784,-68.0724923,4.4,189,Bs 60-140,"Achumani, Av. Alexander Esq, C. 13 70, La Paz",restaurantes La Paz Bolivia
La Rufina Restaurant,Restaurante,-16.511324899999998,-68.1283646,4.4,595,Bs 60-160,"Belisario Salinas 572, La Paz",restaurantes La Paz Bolivia
La Casa del Camba - Restaurant- La Paz,Restaurante,-16.5405987,-68.08425009999999,4.0,294,Bs 80-180,"El Bosque, Calle 15 de Calacoto, Boulevard, La Paz",restaurantes La Paz Bolivia
Paceña La Salteña,Restaurante de cocina sudamericana,-16.4989176,-68.1332132,4.5,1043,Bs 20-40,"Loayza Nº 233, La Paz",restaurantes La Paz Bolivia
HASTA LA VUELTA,Restaurante,-16.5411923,-68.0946567,4.5,547,Bs 80-100,"Julian Sandoval 1001, La Paz",restaurantes La Paz Bolivia
Yerbabuena Restaurante,Restaurante occidental,-16.5401022,-68.0826956,4.6,85,Bs 80-200,"C. 16 8009, La Paz",restaurantes La Paz Bolivia
The Lucky Llama Irish Bar,Pub irlandés,-16.4962916,-68.13881909999999,4.5,326,Bs 40-80,"casi equina, galeria sumaya, Linares 809, La Paz",restaurantes La Paz Bolivia
La Suisse Restaurant,Restaurante suizo,-16.5384982,-68.0815898,4.6,1163,Más de Bs 200,"Green Tower, Gral. Inofuentes piso 38, La Paz",restaurantes La Paz Bolivia
Don Hugo Parrilla ex Parrilla Casa Argentina,Restaurante argentino,-16.5115795,-68.12491589999999,4.3,1617,Bs 60-160,"Calle Lisimaco Gutierrez #393, 20 de octubre y, La Paz",restaurantes La Paz Bolivia
Cafe Vida Vegan & Healthy Restaurant La Paz,Restaurante vegano,-16.4987778,-68.1374321,4.8,360,Bs 20-40,"el que baja al Teleférico Morado, Pasaje Juan XXIII, detrás de la calle Tarija.187, a la vuelta del English Pub, Juan XXIII, La Paz",restaurantes La Paz Bolivia
New Delhi Curry Lounge,Restaurante indio,-16.4975772,-68.138699,4.7,403,Bs 40-100,"Sagarnaga 334, La Paz",restaurantes La Paz Bolivia
Ali Pacha,Restaurante vegetariano,-16.4975331,-68.1331288,4.3,822,Más de Bs 200,"C. Colon 1306, La Paz",restaurantes La Paz Bolivia
The Carrot Tree Centro,Restaurante,-16.496185,-68.13886939999999,4.3,1541,Bs 40-60,"Inside galeria sumaya, Linares 809 esquina, La Paz",restaurantes La Paz Bolivia
Sach’a Yuntas,Restaurante peruano,-16.5408397,-68.0843577,4.5,122,Bs 80-200,La Paz,restaurantes La Paz Bolivia
La Rufina Calacoto,Restaurante,-16.5427319,-68.08184849999999,4.5,264,Bs 80-100,"Calle 16 de Calacoto 8275, La Paz",restaurantes La Paz Bolivia
Ancestral,Restaurante,-16.534428,-68.075786,4.5,478,Más de Bs 200,"Calle 10 de Achumani Maria F. Goya #135, La Paz",restaurantes La Paz Bolivia
Propiedad Pública,Restaurante,-16.543456499999998,-68.07960729999999,4.4,372,Bs 60-120,"Enrique Peñaranda, La Paz",restaurantes La Paz Bolivia
Café del Mundo,Restaurante,-16.4974839,-68.13865609999999,4.3,2178,Bs 40-60,"Sagarnaga 324, La Paz",restaurantes La Paz Bolivia
Tinto,Restaurante especializado en filetes,-16.543660499999998,-68.0875587,4.5,997,$$$,"one block from Calvert School, 9th Street of Calacoto, Las Kantutas, La Paz",restaurantes La Paz Bolivia
Fellini Pizza y Gelato,Restaurante italiano,-16.5425921,-68.0791062,4.5,1674,Bs 80-180,"Calle Rene, Gabriel René Moreno 1383, La Paz",restaurantes La Paz Bolivia
FUEGO Parrilla Experience,Restaurante,-16.5432658,-68.08228079999999,4.2,788,Bs 100-200,"C. Adolfo Gonzales N27, La Paz",restaurantes La Paz Bolivia
El Vagón del Sur,Restaurante,-16.5449043,-68.08908989999999,4.4,915,Bs 80-180,"Ave Los Sauces, La Paz",restaurantes La Paz Bolivia
El Rincón Español,Restaurante de cocina española,-16.5105021,-68.1239507,4.4,301,Bs 80-160,"FVQG+QCV, La Paz",restaurantes La Paz Bolivia
Il Falco,Restaurante italiano,-16.508532199999998,-68.1290729,4.3,797,Bs 60-80,"Guachalla 452, La Paz",restaurantes La Paz Bolivia
La Tranquera,Restaurante,-16.5408904,-68.0894184,4.4,408,Bs 80-180,"Av. Ballivián N° 369, La Paz",restaurantes La Paz Bolivia
Paladar Cozinha Brasileira,Restaurante brasileño,-16.5025482,-68.1224746,4.5,427,Bs 40-140,"FVWH+X2J, Avenida Saavedra, La Paz",restaurantes La Paz Bolivia
Bolivian Green Kitchen,Restaurante de cocina sudamericana,-16.4975243,-68.13866349999999,4.4,540,Bs 20-100,"Hotel Sagarnaga, C. Sagarnaga 326, La Paz",restaurantes La Paz Bolivia
La Grosería,Restaurante,-16.4979984,-68.13800119999999,4.4,545,Bs 40-60,"Calle Linares #940, Sagarnaga y, La Paz",restaurantes La Paz Bolivia
Ita Bella Restaurant,Restaurante,-16.514964499999998,-68.1277078,4.2,500,Bs 40-60,"De La Oliva 2805, La Paz",restaurantes La Paz Bolivia
Santo Ramen Restaurante,Restaurante japonés,-16.542485799999998,-68.0844278,4.7,513,Bs 60-140,"00000, C. 14 de Calacoto 8127, La Paz",restaurantes La Paz Bolivia
Restaurant Doña Remedios,Restaurante de cocina sudamericana,-16.5058672,-68.1289199,4.2,633,Bs 40-60,"Montevideo, Av. Arce 2081, La Paz",restaurantes La Paz Bolivia
INTI Restaurant Café Bar,Restaurante,-16.4984339,-68.1370218,4.7,257,Bs 40-60,"Tarija 215, La Paz",restaurantes La Paz Bolivia
Sumaq Mikhuy Comida Nacional,Restaurante,-16.5413274,-68.0879822,4.2,199,Bs 20-100,"Av. Sanchez Bustamante N°8025, esquina calle 11 de Calacoto, La Paz",restaurantes La Paz Bolivia
Mi Chola,Restaurante,-16.508539,-68.1284089,4.5,507,Más de Bs 200,"20 de octubre # 2228, Pje. Medinacelli #2228, La Paz",restaurantes La Paz Bolivia
Paladar-Cozinha Brasileira,Restaurante brasileño,-16.5425212,-68.0782256,4.5,577,Bs 60-160,"Av. Montenegro 858 Casi esquina, La Paz",restaurantes La Paz Bolivia
Churrasquería Sabor Gaucho,Restaurante argentino,-16.5076392,-68.1279508,4.2,1435,Bs 60-160,"Av.6 de Agosto nº 319, La Paz",restaurantes La Paz Bolivia
Nina Brasas con Altura,Restaurante italiano,-16.538343599999997,-68.08159239999999,4.1,415,Bs 100-200,"Av. de La Fuerza Naval, 3° Andar, La Paz",restaurantes La Paz Bolivia
Potokos,Restaurante de cocina sudamericana,-16.4883023,-68.1221517,4.4,229,Bs 40-100,"Costa Rica 1346, La Paz",restaurantes La Paz Bolivia
La Gaira,Hamburguesería,-16.5408491,-68.0840292,4.7,360,Bs 40-120,"FW58+M99, Av. Sanchez Bustamante, La Paz",restaurantes La Paz Bolivia
Restaurant Chabuca,Restaurante peruano,-16.4978233,-68.1191576,4.3,631,Bs 60-180,Av. Brasil entre calles Pasoskanki y Lucas Jaime Nª 1624,restaurantes La Paz Bolivia
Tutto Pasta,Restaurante italiano,-16.5435673,-68.0799026,4.1,162,Bs 60-160,"Gabriel René Moreno 1050, La Paz",restaurantes La Paz Bolivia
Pronto Dalicatessen,Restaurante italiano,-16.508262,-68.127665,4.3,419,Bs 80-100,"Jauregui 2248, La Paz",restaurantes La Paz Bolivia
Restaurant Furusato,Restaurante de sushi,-16.5390806,-68.0893751,4.6,667,Bs 60-160,"Av. de la Fuerza Naval 437, La Paz",restaurantes La Paz Bolivia
Phayawi Restaurante,Restaurante,-16.5307826,-68.06987269999999,4.4,438,Bs 80-200,"C/. 22 de Achumani, La Paz",restaurantes La Paz Bolivia
Café del Mundo,Cafetería,-16.4974839,-68.13865609999999,4.3,2178,Bs 40-60,"Sagarnaga 324, La Paz",cafeterías La Paz Bolivia
Café con Pan,Cafetería,-16.4959676,-68.1383165,4.5,208,Bs 20-40,"Murillo 826, La Paz",cafeterías La Paz Bolivia
The Writer's Coffee,Cafetería,-16.4966985,-68.1330272,4.5,481,Bs 20-40,"Interior Librería, C. Comercio 1270, La Paz",cafeterías La Paz Bolivia
Hb Bronze Coffeebar,Cafetería,-16.498013,-68.13051999999999,4.6,1368,Bs 40-120,"Plaza Tomas Frias 1570, La Paz",cafeterías La Paz Bolivia
Cafe Vida Vegan & Healthy Restaurant La Paz,Restaurante vegano,-16.4987778,-68.1374321,4.8,360,Bs 20-40,"el que baja al Teleférico Morado, Pasaje Juan XXIII, detrás de la calle Tarija.187, a la vuelta del English Pub, Juan XXIII, La Paz",cafeterías La Paz Bolivia
Typica Café Centro,Cafetería,-16.5033824,-68.130133,4.5,456,Bs 40-60,"Edificio Tres Cruces, Batallón Colorados 40, La Paz",cafeterías La Paz Bolivia
Biofilia Café,Cafetería,-16.5090146,-68.12607969999999,4.6,414,Bs 40-60,"AV. 6 DE AGOSTO #2399, Av.6 de Agosto esquina, La Paz",cafeterías La Paz Bolivia
Retrato Café,Cafetería,-16.5136739,-68.1288802,4.4,496,Bs 20-40,"Ecuador, La Paz",cafeterías La Paz Bolivia
Roaster Specialty Coffee,Cafetería,-16.5415834,-68.0787612,4.4,811,Bs 20-80,"Gabriel René Moreno, La Paz",cafeterías La Paz Bolivia
Sultana,Cafetería,-16.5124115,-68.1294209,4.5,867,Bs 40-60,"Avenida Ecuador esquina, Belisario Salinas # 2496, La Paz",cafeterías La Paz Bolivia
Typica Café San Miguel,Cafetería,-16.5427615,-68.07962599999999,4.4,307,Bs 40-60,"Enrique Peñaranda 1075, La Paz",cafeterías La Paz Bolivia
Experiment Coffee,Cafetería,-16.5069679,-68.1278863,4.6,120,Bs 20-40,"Av.6 de Agosto esquina, La Paz",cafeterías La Paz Bolivia
Ocheto Coffee,Cafetería,-16.499453499999998,-68.13600439999999,4.7,87,Bs 20-40,"GV27+6HP, C. Oruro, La Paz",cafeterías La Paz Bolivia
Wayruru Café,Cafetería,-16.5116731,-68.1265493,4.4,118,Bs 20-40,"Planta baja Gym Spazio, Sanchez Lima Esquina, La Paz",cafeterías La Paz Bolivia
Mugen Coffee Project,Cafetería,-16.5104006,-68.1260746,4.5,111,Bs 20-40,"Av.20 de Octubre 2475, La Paz",cafeterías La Paz Bolivia
Café Buena Vista,Cafetería,-16.540568699999998,-68.0826479,4.6,40,,"Calle 16 # 80009 Zona Sur, La Paz",cafeterías La Paz Bolivia
Café Khofisuyo Tostadores y Panadería,Cafetería,-16.5419081,-68.08218339999999,4.2,565,Bs 20-100,"C. 16 8215, La Paz",cafeterías La Paz Bolivia
Unuy Pastelería & Cafetería,Panadería,-16.5014669,-68.13202849999999,5.0,48,Bs 20-40,"Campero 48, La Paz",cafeterías La Paz Bolivia
Typica Café Achumani,Cafetería,-16.531839299999998,-68.0725487,4.4,184,Bs 40-60,"Calle 16 de Achumani y, C. Francisco Javier Iriarte 500, La Paz",cafeterías La Paz Bolivia
Café Restaurante Banais,Restaurante,-16.4967917,-68.1372583,4.5,853,Bs 40-120,"Sagarnaga 161, La Paz",cafeterías La Paz Bolivia
Typica Café San Miguel,Cafetería,-16.5427615,-68.07962599999999,4.4,307,Bs 40-60,"Enrique Peñaranda 1075, La Paz",cafeterías La Paz Bolivia
Typica Café,Cafetería,-16.5110113,-68.1245557,4.4,2765,Bs 40-60,"Av.6 de Agosto 2584, La Paz",cafeterías La Paz Bolivia
Café Khofisuyo Tostadores y Panadería,Cafetería,-16.5419081,-68.08218339999999,4.2,565,Bs 20-100,"C. 16 8215, La Paz",cafeterías La Paz Bolivia
YATI Restaurant café bar,Restaurante,-16.49852,-68.1371576,4.6,727,Bs 40-80,"+591, La Paz",cafeterías La Paz Bolivia
Café Buena Vista,Cafetería,-16.540568699999998,-68.0826479,4.6,40,,"Calle 16 # 80009 Zona Sur, La Paz",cafeterías La Paz Bolivia
Mugen Coffee Project,Cafetería,-16.5104006,-68.1260746,4.5,111,Bs 20-40,"Av.20 de Octubre 2475, La Paz",cafeterías La Paz Bolivia
Mokaffee,Cafetería,-16.5410227,-68.0889724,4.5,148,Bs 20-80,"C. 10 7922, La Paz",cafeterías La Paz Bolivia
Café Ciudad,Cafetería,-16.5052178,-68.1302749,3.8,982,Bs 20-40,"Frente al Monoblock UMSA, Avenida Villazón. 1978 Plaza Bicentenario, La Paz",cafeterías La Paz Bolivia
Vainilla,Cafetería,-16.541107699999998,-68.0796562,4.1,2736,Bs 20-100,"FW5C+H45, Ferrecio, La Paz",cafeterías La Paz Bolivia
Epico Restaurante,Cafetería,-16.540599399999998,-68.0851493,4.5,349,Bs 20-100,"Calle 14 Calacoto. Ten steps from Av Sanchez Bustamante, La Paz",cafeterías La Paz Bolivia
Ocheto Coffee,Cafetería,-16.499453499999998,-68.13600439999999,4.7,87,Bs 20-40,"GV27+6HP, C. Oruro, La Paz",cafeterías La Paz Bolivia
Mestizo Cocina de Autor,Restaurante,-16.5404124,-68.08739179999999,4.8,205,Bs 80-140,"Calle 12 de Calacoto Edif. Peñaloza N°7900, Av. Ballivián y",cafeterías La Paz Bolivia
Restaurante Cafeteria Sabor Urbano,Restaurante,-16.4975816,-68.1385245,4.8,141,Bs 20-40,"Sagarnaga 319, La Paz",cafeterías La Paz Bolivia
Devotos Typica,Cafetería,-16.4989438,-68.13294359999999,4.7,140,Bs 20-40,"Loayza, Mercado y, La Paz",cafeterías La Paz Bolivia
Typica Café Achumani,Cafetería,-16.531839299999998,-68.0725487,4.4,184,Bs 40-60,"Calle 16 de Achumani y, C. Francisco Javier Iriarte 500, La Paz",cafeterías La Paz Bolivia
Ciclik,Restaurante,-16.509007699999998,-68.1274857,4.0,587,Bs 20-80,"Sopocachi, Rosendo Gutierrez, Esq #393, La Paz",cafeterías La Paz Bolivia
Unuy Pastelería & Cafetería,Panadería,-16.5014669,-68.13202849999999,5.0,48,Bs 20-40,"Campero 48, La Paz",cafeterías La Paz Bolivia
ROSSE COFFEE,Cafetería,-16.5428156,-68.0798824,3.6,316,Bs 40-60,"Gabriel René Moreno 1080, La Paz",cafeterías La Paz Bolivia
Camelot Café,Cafetería,-16.4916442,-68.1221709,4.8,97,Bs 20-40,"Av. Estados Unidos 1125, La Paz",cafeterías La Paz Bolivia
Kuchen Stube,Cafetería,-16.5093298,-68.1278066,4.3,265,Bs 40-60,"Rosendo Gutierrez 461, La Paz",cafeterías La Paz Bolivia
Ciclik,Restaurante,-16.509007699999998,-68.1274857,4.0,587,Bs 20-80,"Sopocachi, Rosendo Gutierrez, Esq #393, La Paz",cafeterías La Paz Bolivia
Vainilla,Cafetería,-16.541107699999998,-68.0796562,4.1,2736,Bs 20-100,"FW5C+H45, Ferrecio, La Paz",cafeterías La Paz Bolivia
The Carrot Tree Centro,Restaurante,-16.496185,-68.13886939999999,4.3,1541,Bs 40-60,"Inside galeria sumaya, Linares 809 esquina, La Paz",cafeterías La Paz Bolivia
ROSSE COFFEE,Cafetería,-16.5428156,-68.0798824,3.6,316,Bs 40-60,"Gabriel René Moreno 1080, La Paz",cafeterías La Paz Bolivia
Araguaney Cafe,Cafetería,-16.5132662,-68.1285025,4.6,16,Bs 20-40,"Ingreso del Montículo #2657, Pedro Salazar y, La Paz",cafeterías La Paz Bolivia
Las Tres Escobas Café Mágico,Cafetería,-16.5117093,-68.1221809,4.2,969,Bs 40-60,La Paz,cafeterías La Paz Bolivia
Otoño Café y Vinos,Cafetería,-16.5448214,-68.0787908,4.5,149,Bs 20-100,"Jose Maria Zalles 967, La Paz",cafeterías La Paz Bolivia
Cultura Café,Cafetería,-16.5023497,-68.13236619999999,4.6,29,Bs 1-60,"Av. 16 de Julio 1636, La Paz",cafeterías La Paz Bolivia
Café Rayuela,Restaurante,-16.5275619,-68.1072447,4.2,484,Bs 20-40,"Av. Hector Ormachea 5604, La Paz",cafeterías La Paz Bolivia
Café Urbano,Cafetería,-16.507854299999998,-68.1280835,4.1,277,Bs 40-60,"C/Fernando Guachalla 339, Jauregui y, La Paz",cafeterías La Paz Bolivia
La Mia Aroma K-fé,Cafetería,-16.5345166,-68.0757685,4.5,31,Bs 40-60,"Calle 10 de Achumani N° 135, La Paz",cafeterías La Paz Bolivia
The Lucky Llama Irish Bar,Pub irlandés,-16.4962916,-68.13881909999999,4.5,326,Bs 40-80,"casi equina, galeria sumaya, Linares 809, La Paz",cafeterías La Paz Bolivia
Alexander Coffee,Cafetería,-16.4964178,-68.1346841,4.2,1252,Bs 20-80,"Potosi 1091, La Paz",cafeterías La Paz Bolivia
Alexander Coffee,Cafetería,-16.5102211,-68.1262141,4.2,1180,Bs 20-80,"FVQF+WG7, Av.20 de Octubre, La Paz",cafeterías La Paz Bolivia
Café DELEITE,Cafetería,-16.5049563,-68.1285279,4.8,32,,"Servicio Estatal de Autonomias, Goitia 188, La Paz",cafeterías La Paz Bolivia
Typica Obrajes,Cafetería,-16.526716099999998,-68.1086459,4.4,324,Bs 40-60,"Avenida Ormachea Esquina, C. 8 5390, La Paz",cafeterías La Paz Bolivia
Andean Hills coffee,Cafetería,-16.4971633,-68.13369089999999,4.9,17,Bs 1-40,"Potosi 1230, La Paz",cafeterías La Paz Bolivia
Aliño Café Restaurante,Cafetería,-16.5016922,-68.1348943,4.3,35,Bs 20-40,"C. Colombia 257, La Paz",cafeterías La Paz Bolivia
El caldero inglés,Cafetería,-16.5139241,-68.1294168,4.8,47,Bs 20-40,"A media cuadra de la Plaza España A media cuadra del Teleférico Amarillo, Calle Quintin n° 754, La Paz",cafeterías La Paz Bolivia
La Suisse Restaurant,Restaurante suizo,-16.5384982,-68.0815898,4.6,1163,Más de Bs 200,"Green Tower, Gral. Inofuentes piso 38, La Paz",cafeterías La Paz Bolivia
Llajuita,Restaurante de comida rápida,-16.502201,-68.1325367,3.5,809,Bs 20-40,"FVX8+4X8, Av. 16 de Julio, La Paz",comida rápida La Paz Bolivia
Paceña La Salteña,Restaurante de cocina sudamericana,-16.4989176,-68.1332132,4.5,1043,Bs 20-40,"Loayza Nº 233, La Paz",comida rápida La Paz Bolivia
Niki's Fast Food & Juices Villalobos,Restaurante de comida rápida,-16.5026479,-68.12153359999999,4.0,860,Bs 20-40,"C. R. Villalobos, La Paz",comida rápida La Paz Bolivia
Homero Burger,Restaurante,-16.4894496,-68.1388593,4.1,344,Bs 20-40,La Paz,comida rápida La Paz Bolivia
Rey Porky Landaeta,Hamburguesería,-16.5049639,-68.1315955,3.9,240,Bs 20-40,"FVW9+296, La Paz",comida rápida La Paz Bolivia
Mega Burguer,Restaurante de comida rápida,-16.4950393,-68.1355521,3.6,531,Bs 20-40,"GV37+XQP, C. Comercio, La Paz",comida rápida La Paz Bolivia
Tintoretto Food Truck,Restaurante de comida rápida,-16.5396263,-68.0840977,4.8,11,,"Calle 15 de, La Paz",comida rápida La Paz Bolivia
Pollos Copacabana,Restaurante de comida rápida,-16.5391053,-68.0792499,4.2,4578,Bs 40-60,"Av. Ballivián 1326, La Paz",comida rápida La Paz Bolivia
Go Green,Restaurante vegetariano,-16.5102088,-68.1280706,4.3,383,Bs 20-40,"Sanchez Lima 2326, La Paz",comida rápida La Paz Bolivia
Go Green,Restaurante vegetariano,-16.5411785,-68.0805483,4.7,129,Bs 20-40,"Av. Montenegro esquina, La Paz",comida rápida La Paz Bolivia
Don Papanataz,Restaurante de comida rápida,-16.4951293,-68.1353074,3.6,223,Bs 20-100,"C. Comercio, La Paz",comida rápida La Paz Bolivia
Comida China Rapida,Restaurante,-16.527537799999998,-68.10638879999999,3.8,130,Bs 20-40,La Paz,comida rápida La Paz Bolivia
Restaurante Cafeteria Sabor Urbano,Restaurante,-16.4975816,-68.1385245,4.8,141,Bs 20-40,"Sagarnaga 319, La Paz",comida rápida La Paz Bolivia
New Delhi Curry Lounge,Restaurante indio,-16.4975772,-68.138699,4.7,403,Bs 40-100,"Sagarnaga 334, La Paz",comida rápida La Paz Bolivia
Pollos Yack’s - Sopocachi,Restaurante,-16.5150847,-68.13695229999999,4.0,427,Bs 20-40,"Jaimes Freyre 2236, La Paz",comida rápida La Paz Bolivia
Q' Rollo Con El Pollo,Restaurante de comida rápida,-16.4951945,-68.12080639999999,4.5,11,Bs 20-40,"59169831775, La Paz",comida rápida La Paz Bolivia
Las Chachas,Restaurante de comida rápida,-16.5020201,-68.1325863,3.8,282,Bs 1-20,"FVX8+5XV, Av. 16 de Julio, La Paz",comida rápida La Paz Bolivia
"Texas Wings, San Miguel",Restaurante de comida rápida,-16.5438916,-68.0781592,4.4,732,Bs 20-40,"Av. Montenegro 922, La Paz",comida rápida La Paz Bolivia
Api Happy Achumani,Bar restaurante,-16.534430699999998,-68.0754725,4.0,756,Bs 20-40,La Paz,comida rápida La Paz Bolivia
La Capital Hamburguesas,Hamburguesería,-16.5120651,-68.125698,4.2,806,Bs 40-80,"Lisímaco Gutierrez 481, La Paz",comida rápida La Paz Bolivia
La Capital Hamburguesas,Hamburguesería,-16.5120651,-68.125698,4.2,806,Bs 40-80,"Lisímaco Gutierrez 481, La Paz",comida rápida La Paz Bolivia
El Bosque Boulevard,Zona de restauración,-16.5408413,-68.08386519999999,4.6,1709,Bs 40-140,"Calle 15, Av. Sanchez Bustamante y, La Paz",comida rápida La Paz Bolivia
Comida rápida MEDIA LUNA,Restaurante de comida rápida,-16.525278399999998,-68.08759789999999,5.0,2,,"Pablo Caballero 477, La Paz",comida rápida La Paz Bolivia
Snack Iglú,Restaurante,-16.501847599999998,-68.12304929999999,4.1,1190,Bs 20-40,"Calle Juan de Vargas #1924 Zona, La Paz",comida rápida La Paz Bolivia
FACTORY Grill&Bar,Restaurante americano,-16.542304299999998,-68.08552879999999,3.7,237,Bs 60-140,"C. 13 8109, La Paz",comida rápida La Paz Bolivia
La Esquina comida rápida,Restaurante de comida rápida,-16.5012273,-68.1172806,5.0,1,,"Diaz Romero 1809, La Paz",comida rápida La Paz Bolivia
Boomerang Food,Comida a domicilio,-16.4985386,-68.133028,3.4,20,,"Mercado, La Paz",comida rápida La Paz Bolivia
"Fast Food ""El Patrón"" Comida Rápida",Restaurante,-16.496758,-68.1095249,4.4,10,,alto San Antonio cruce hacía18 de mayo,comida rápida La Paz Bolivia
Pollos Cochabamba El Prado,Restaurante de comida rápida,-16.500629699999998,-68.13385389999999,3.8,1420,Bs 20-40,"Av. 16 de Julio 1205, La Paz",comida rápida La Paz Bolivia
La Huerta,Tienda de alimentos orgánicos,-16.5117992,-68.1272965,4.5,152,,"FVQF+73P, Pedro Salazar, La Paz",comida rápida La Paz Bolivia
"Texas Wings, Miraflores",Restaurante de comida rápida,-16.5027334,-68.1204648,4.2,1316,Bs 20-60,"C. R. Villalobos Nº 1969, La Paz",comida rápida La Paz Bolivia
Jack's Chicken Wings,Restaurante de comida rápida,-16.539787399999998,-68.07838989999999,4.0,94,Bs 40-60,"Avenida Manuel Víctor García Lanza, La Paz",comida rápida La Paz Bolivia
Don Pollo,Restaurante especializado en pollo,-16.4978956,-68.1210514,3.7,1083,Bs 20-40,"GV2H+RHW, Av. Busch, La Paz",comida rápida La Paz Bolivia
Comé Comi,Restaurante de comida rápida,-16.506104399999998,-68.1292582,4.1,35,,"Avenida 6 de Agosto N548, La Paz",comida rápida La Paz Bolivia
TRUCKPALU,Restaurante americano,-16.540551999999998,-68.0797813,4.3,73,Bs 20-40,"Av. Montenegro 1337, La Paz",comida rápida La Paz Bolivia
El pueblo del pique Express - Megacenter,Restaurante de comida rápida,-16.532141799999998,-68.0877174,4.4,22,Bs 60-80,"Av. Rafael Pabón, La Paz",comida rápida La Paz Bolivia
La Boliviana,Restaurante,-16.4971051,-68.1378665,4.3,171,Bs 60-80,"Calle Sagárnaga esquina Murillo, Galería Chuquiago #213 [segundo piso",comida rápida La Paz Bolivia
La Viñeta - Gourmet Fast Food,Restaurante de comida rápida,-16.5416881,-68.0668079,4.5,231,Bs 40-60,"C. 28 7c, La Paz",comida rápida La Paz Bolivia
Los Castores,Restaurante de comida rápida,-16.5085142,-68.1280378,4.0,164,Bs 1-40,"Av.20 de Octubre 2019, La Paz",comida rápida La Paz Bolivia
"Sillpichs ""Socabaya""",Restaurante de comida rápida,-16.4966973,-68.1345748,3.7,288,Bs 40-60,"GV38+85F, Socabaya, La Paz",comida rápida La Paz Bolivia
Los Castores,Restaurante de comida rápida,-16.5085142,-68.1280378,4.0,164,Bs 1-40,"Av.20 de Octubre 2019, La Paz",comida rápida La Paz Bolivia
"Sillpichs ""Socabaya""",Restaurante de comida rápida,-16.4966973,-68.1345748,3.7,288,Bs 40-60,"GV38+85F, Socabaya, La Paz",comida rápida La Paz Bolivia
Kalakitas Express,Restaurante mexicano,-16.510547499999998,-68.1259003,3.9,204,Bs 20-80,"Av. 20 de Octubre esquina, Pedro Salazar #2497, La Paz",comida rápida La Paz Bolivia
Sabor Gaucho Obrajes,Restaurante de comida rápida,-16.5292833,-68.1002918,4.1,211,Bs 40-140,"Calle 17 de, La Paz",comida rápida La Paz Bolivia
Sillpichs Megacenter,Restaurante de comida rápida,-16.531779399999998,-68.0876552,3.7,138,,"FW96+7WQ, MEGACENTER La Paz, Av. Rafael Pabón, La Paz",comida rápida La Paz Bolivia
La Casa Del Payaso,Restaurante de comida rápida,-16.5144743,-68.1278004,4.7,3,,"FVPC+6V8, Plaza España Sopocachi esq. Luis Uria, De La Oliva, La Paz",comida rápida La Paz Bolivia
Cozzolisi,Restaurante,-16.5433372,-68.0796197,4.4,119,,"Enrique Peñaranda, La Paz",comida rápida La Paz Bolivia
YATI Restaurant café bar,Restaurante,-16.49852,-68.1371576,4.6,727,Bs 40-80,"+591, La Paz",comida rápida La Paz Bolivia
Sillpichs,Restaurante de comida rápida,-16.545153,-68.0751736,3.8,587,Bs 40-60,"FW3F+WWP, Ave Jose Aguirre, La Paz",comida rápida La Paz Bolivia
Chifa Emy,Restaurante chino,-16.5133006,-68.1212238,4.0,225,Bs 40-100,"FVPH+PHC, Cordero 257, La Paz",comida rápida La Paz Bolivia
Isu Sushi,Restaurante de sushi,-16.5406962,-68.0778965,4.6,452,Bs 40-140,"Calle 21, La Paz",comida rápida La Paz Bolivia
Pollos REY,Restaurante especializado en pollo,-16.494862299999998,-68.1359165,3.8,252,Bs 20-40,"GV47+3J4, C. Comercio, La Paz",comida rápida La Paz Bolivia
Exquisita,Restaurante de comida rápida,-16.4794658,-68.120716,3.9,195,Bs 40-100,"Ave de las Americas, La Paz",comida rápida La Paz Bolivia
La Llave 2,Restaurante de comida rápida,-16.496723199999998,-68.1195077,3.7,329,Bs 20-100,"GV3J+859, La Paz",comida rápida La Paz Bolivia
Eli's Pizza,Restaurante de comida rápida,-16.5009808,-68.1329085,3.8,903,Bs 40-60,"Av. 16 de Julio No. 1497, La Paz",comida rápida La Paz Bolivia
ASAU,Restaurante,-16.533439899999998,-68.07230489999999,4.7,227,Bs 100-200,"C. Santiago Fajardo 123, La Paz",comida rápida La Paz Bolivia
Walisuma comida rápida,Restaurante,-16.4971997,-68.12447759999999,5.0,1,,"0, La Paz",comida rápida La Paz Bolivia
Los Castores Salteñería,Restaurante de comida rápida,-16.498080299999998,-68.122007,4.0,532,Bs 20-40,"1580, La Paz",comida rápida La Paz Bolivia
Papa Express,Restaurante,-16.4966094,-68.13698649999999,4.7,20,Bs 1-20,"Sagarnaga 161, La Paz",comida rápida La Paz Bolivia
Hamburguesas Toby,Hamburguesería,-16.5040926,-68.1308076,3.7,393,Bs 40-60,"Av. 16 de Julio 1853, La Paz",comida rápida La Paz Bolivia
Paceña La Salteña,Restaurante de cocina sudamericana,-16.4989176,-68.1332132,4.5,1043,Bs 20-40,"Loayza Nº 233, La Paz",salteñerías La Paz Bolivia
Los Castores Salteñería,Restaurante de comida rápida,-16.498080299999998,-68.122007,4.0,532,Bs 20-40,"1580, La Paz",salteñerías La Paz Bolivia
Salteñería El Hornito,Cafetería,-16.5095661,-68.1255278,4.1,61,Bs 1-20,"Av.6 de Agosto 2455, La Paz",salteñerías La Paz Bolivia
"Salteñería ""El Hornito""",Restaurante,-16.527536299999998,-68.10639189999999,4.4,75,Bs 1-20,"FVCV+XCQ, La Paz",salteñerías La Paz Bolivia
Paceña La Salteña,Restaurante,-16.4981871,-68.1184785,4.3,503,Bs 20-40,"Av. Brasil 1667, La Paz",salteñerías La Paz Bolivia
Salteñas Diablo,Pastelería,-16.497407199999998,-68.1241447,3.8,116,,La Paz,salteñerías La Paz Bolivia
Salteñas Hornito,Restaurante,-16.538811799999998,-68.078502,4.5,365,Bs 1-20,"FW6C+FHH, La Paz",salteñerías La Paz Bolivia
La Nacional Salteñas - Sur,Restaurante de comida rápida,-16.537199299999997,-68.0783204,4.4,127,Bs 20-40,"Gavino Villanueva 100A, La Paz",salteñerías La Paz Bolivia
Paceña La Salteña,Restaurante de cocina sudamericana,-16.5093548,-68.1274504,4.3,477,Bs 20-40,"Av.20 de Octubre 2332, La Paz",salteñerías La Paz Bolivia
Salteñas Chuquisaqueñas,Restaurante,-16.5029417,-68.12968169999999,3.9,59,Bs 1-20,"FVWC+R4G, Federico Zuazo, La Paz",salteñerías La Paz Bolivia
Paceña La Salteña,Restaurante de cocina sudamericana,-16.5395593,-68.0798811,4.4,1067,Bs 20-40,"C. 19 8024, La Paz",salteñerías La Paz Bolivia
Salteñas Diablo,Restaurante de comida rápida,-16.529165,-68.1027443,3.8,123,Bs 1-40,"FVCW+8WJ, Av Hernando Siles, La Paz",salteñerías La Paz Bolivia
Salteñeria Chuquisaqueña,Restaurante,-16.5386043,-68.08432429999999,4.0,3,,"Calle 15 15, La Paz",salteñerías La Paz Bolivia
Salteñeria Jomiman,Tienda de alimentación,-16.515993299999998,-68.1308961,4.8,9,,"Vincenti Nro 909, La Paz",salteñerías La Paz Bolivia
Salteñería Chuquisaqueña,Restaurante,-16.5100697,-68.12642079999999,4.1,8,Bs 1-20,"Av.20 de Octubre 927, La Paz",salteñerías La Paz Bolivia
Salteñas Diablo,Restaurante de comida rápida,-16.5053755,-68.1315697,,0,,"Edificio MALAGA Av 20 de Octubre y, Landaeta 11B, La Paz",salteñerías La Paz Bolivia
Mercado Camacho,Mercado,-16.5005789,-68.1312643,3.9,11443,,"FVX9+QF9, Av. Camacho, La Paz",mercado comida La Paz Bolivia
Mercado Miraflores,Mercado,-16.501445,-68.1217334,3.6,1233,,"FVXH+C8C, Diaz Romero, La Paz",mercado comida La Paz Bolivia
Mercado Rodríguez,Mercado,-16.5002761,-68.1385394,3.8,7020,,"FVX6+VC9, Rodriguez, La Paz",mercado comida La Paz Bolivia
Mercado Yungas,Mercado,-16.497148199999998,-68.1292332,3.6,2527,,"GV3C+48R, Yungas, La Paz",mercado comida La Paz Bolivia
Mercado Lanza,Mercado,-16.4950656,-68.13728329999999,3.5,920,,"GV37+X3G, San Francisco, Av Pérez Velasco, La Paz",mercado comida La Paz Bolivia
Mercado Nuestra Señora De La Paz,Mercado,-16.495377299999998,-68.10271949999999,3.6,269,,"GV3W+RWR, Av. Cdad. Del Niño, La Paz",mercado comida La Paz Bolivia
Mercado San Antonio,Mercado,-16.5270662,-68.105386,3.9,229,,"FVFV+5RH, Av. 14 de Septiembre, La Paz",mercado comida La Paz Bolivia
Mercado sopocachi,Mercado,-16.5093841,-68.1296231,3.8,128,,"Guachalla 556, La Paz",mercado comida La Paz Bolivia
Mercado Haití,Mercado,-16.4909616,-68.1225803,3.6,1095,,"GV5G+JX7, La Paz",mercado comida La Paz Bolivia
Mercado Strongest,Mercado,-16.5156208,-68.1399802,3.6,894,,"FVM6+Q22, La Paz",mercado comida La Paz Bolivia
Mercado Calatayud,Mercado,-16.4955286,-68.1476536,3.5,896,,"GV32+QWQ, Calatayud, La Paz",mercado comida La Paz Bolivia
Mercado Kollasuyo,Mercado,-16.4953151,-68.1166834,3.6,1917,,"GV3M+V8G, Tito Yupanqui, La Paz",mercado comida La Paz Bolivia
Mercado Villa Fátima La Paz,Mercado,-16.480544,-68.12122579999999,3.5,5380,,"GV9H+QGJ, La Paz",mercado comida La Paz Bolivia
Mercado Las Delicias,Mercado,-16.476999499999998,-68.1236274,3.4,274,,"GVFG+6G5, La Paz",mercado comida La Paz Bolivia
Mercado Los Pinos,Mercado,-16.541227199999998,-68.07255099999999,3.8,508,,"FW5G+GX4, Calle 25, La Paz",mercado comida La Paz Bolivia
La Huerta,Tienda de alimentos orgánicos,-16.5117992,-68.1272965,4.5,152,,"FVQF+73P, Pedro Salazar, La Paz",mercado comida La Paz Bolivia
Mercado Palenque,Tienda de alimentación,-16.5126079,-68.16280569999999,3.5,369,,"FRPP+XV4, Av. Rodolfo Palenque, La Paz",mercado comida La Paz Bolivia
Mercado Antofagasta,Mercado,-16.488091,-68.1402583,4.3,3,,"Ave Armentia 337, La Paz",mercado comida La Paz Bolivia
Mercado Bajo Mariscal Santa Cruz,Mercado,-16.492564899999998,-68.1583831,3.2,72,,"GR4R+XJH, La Paz",mercado comida La Paz Bolivia
Mercado Corazón De Jesús,Mercado,-16.5238027,-68.1041314,3.8,223,,"Calle Etelvina Villanueva 428, La Paz",mercado comida La Paz Bolivia
Mercado Calama,Mercado,-16.4899081,-68.13713899999999,3.5,48,,"GV67+24Q, La Paz",mercado comida La Paz Bolivia
La Huerta - Mercado Saludable,Tienda de alimentación,-16.5423236,-68.08031869999999,4.6,22,,"Claudio Aliaga &, Gabriel René Moreno, La Paz",mercado comida La Paz Bolivia
Mercado Maracaná,Mercado,-16.4856941,-68.1371272,3.5,129,,"GV77+P4H, La Paz",mercado comida La Paz Bolivia
Mercado San José De Munaypata,Supermercado,-16.489163299999998,-68.1586064,3.3,96,,"GR6R+8HJ, La Paz",mercado comida La Paz Bolivia
Mercado Achumani,Mercado,-16.5308442,-68.0733913,3.8,3366,,"FW9G+MJ9, C. 16, La Paz",mercado comida La Paz Bolivia
Mercado Modelo Teofilo Miranda,Mercado,-16.497114,-68.11623,3.6,33,,"GV3M+5G2, 4, La Paz",mercado comida La Paz Bolivia
Alto San Antonio,Mercado,-16.497270699999998,-68.1090985,3.7,525,,"GV3R+39R, La Paz",mercado comida La Paz Bolivia
Mercado Modelo De Irpavi,Mercado,-16.5246204,-68.0872827,3.9,1418,,"FWG7+42W, Mercado Modelo Irpavi, C. 6, La Paz",mercado comida La Paz Bolivia
Mercado de las Brujas,Mercado,-16.4961539,-68.1389263,4.1,9770,,"Melchor Jimenez 872, La Paz",mercado comida La Paz Bolivia
Mercado Vicente Ochoa,Mercado,-16.498015499999998,-68.1443245,3.6,27,,"Av. Buenos Aires 787-773, La Paz",mercado comida La Paz Bolivia
Mercado Obrajes,Mercado,-16.5298676,-68.10239969999999,3.4,1159,,"FVCX+325, La Paz",mercado comida La Paz Bolivia
Mercado Bolívar,Mercado,-16.5138441,-68.1412118,3.4,520,,"FVP5+FG7, La Paz",mercado comida La Paz Bolivia
Café del Mundo,Restaurante,-16.4974839,-68.13865609999999,4.3,2178,Bs 40-60,"Sagarnaga 324, La Paz",mercado comida La Paz Bolivia
Mercado 10 de enero,Mercado,-16.5015856,-68.10443529999999,3.7,885,,"Calle E 99, La Paz",mercado comida La Paz Bolivia
Supermercado Chinbol,Tienda de alimentación,-16.5051174,-68.128771,3.6,233,,"Goitia 142, La Paz",mercado comida La Paz Bolivia
Supermercado Fidalga - Comercio,Supermercado,-16.4966923,-68.132549,3.8,540,,"GV38+8XG, C. Colon, La Paz",mercado comida La Paz Bolivia
"Mercado Popular ""Raul Salmón""",Mercado,-16.5282329,-68.123679,3.7,141,,"FVCG+PG4, La Paz",mercado comida La Paz Bolivia
Mercado Uruguay,Mercado,-16.4973997,-68.1437004,3.3,47,,"GV34+2GV, Eloy Salmon, La Paz",mercado comida La Paz Bolivia
Hipermaxi Sopocachi,Supermercado,-16.5095165,-68.1278844,3.9,3141,,"FVRC+4RX, Rosendo Gutierrez 469, La Paz",mercado comida La Paz Bolivia
Mercado Las Rieles El Alto,Mercado de productos del campo,-16.5084092,-68.156723,3.5,290,,"FRRV+J8J, C. 5 Villa Dolores, La Paz",mercado comida La Paz Bolivia
Mercado El Carmen,Mercado,-16.5146443,-68.1263568,3.8,5,,"Presbítero Medina Nro. 2758, La Paz",mercado comida La Paz Bolivia
Mercado Villa Dolores,Tienda de alimentación,-16.5123835,-68.1589906,3.3,97,,"FRQR+2CR, El Alto",mercado comida La Paz Bolivia
Mercado Bajo San Isidro,Mercado,-16.511429,-68.1083726,3.2,154,,"FVQR+CMC, Av. Donoso Torrez, La Paz",mercado comida La Paz Bolivia
Mercado Los Andes,Mercadillo,-16.4987083,-68.1482647,3.4,55,,"GV22+GM9, Cossio, La Paz",mercado comida La Paz Bolivia
Cinco Market,Mercado,-16.5381066,-68.0787182,5.0,3,,"Calle 20 de Calacoto Esquina, La Paz",mercado comida La Paz Bolivia
Mercado Félix Hinojosa,Mercado,-16.5033822,-68.1445011,3.2,1690,,"FVW4+J5X, Av. Buenos Aires, La Paz",mercado comida La Paz Bolivia
Mercado Km 7,Mercado,-16.522956,-68.1434821,3.5,203,,"FVG4+RJ6, La Paz",mercado comida La Paz Bolivia
super mercado Roxana,Supermercado,-16.491746499999998,-68.1508231,4.1,12,,"GR5X+8M3, La Paz",mercado comida La Paz Bolivia
Mercado San Cristóbal,Mercado,-16.5103629,-68.14568249999999,3.5,46,,"FVQ3+VP4, Av. Tacagua, La Paz",mercado comida La Paz Bolivia
MERCADON,Tienda de alimentación,-16.500512,-68.1237652,4.7,9,,"IBITA, Avenida Saavedra 1760, La Paz",mercado comida La Paz Bolivia
Mercado Virgen de las Nieves,Mercado,-16.4754362,-68.14970439999999,3.5,173,,"GVF2+R4F, Av. Ramos Gavilan, La Paz",mercado comida La Paz Bolivia
Mercado Santiago,Tienda de alimentación,-16.490092399999998,-68.1560271,3.6,46,,"Vicente Peñaloza 1827, La Paz",mercado comida La Paz Bolivia
Mercado el Vergel,Mercado,-16.534226,-68.140479,3.7,45,,"Av. Mario Mercado 228, La Paz",mercado comida La Paz Bolivia
Supermercado Chinbol,Supermercado chino,-16.5372678,-68.0757982,3.8,320,,"Edificio OPHIR, Gavino Villanueva 14, La Paz",mercado comida La Paz Bolivia
Mercado Campesino Zenobio López,Tienda de alimentación,-16.5067851,-68.1154205,4.1,20,,"FVVM+7RP, La Paz",mercado comida La Paz Bolivia
Comedor Mercado Uruguay,Restaurante,-16.496893,-68.1434821,3.6,91,Bs 20-40,"GV34+6JR, La Paz",mercado comida La Paz Bolivia
Fidalga,Supermercado,-16.510462099999998,-68.12792879999999,3.8,1462,,"Sanchez Lima 2362, La Paz",mercado comida La Paz Bolivia
Salchirich,Barbería,-16.500635799999998,-68.1315741,3.9,1334,,"Centro Comercial Camacho, Av. Camacho esquina, La Paz",mercado comida La Paz Bolivia
Mercado Popular Pura Pura,Tienda de alimentación,-16.4877494,-68.1508047,4.1,36,,"GR6X+WM4, Jorge Cordova, La Paz",mercado comida La Paz Bolivia
Mercado 4 De Abril,Tienda de alimentación,-16.5222309,-68.14580049999999,3.6,5,,"FVH3+4M4, La Paz",mercado comida La Paz Bolivia
Pizza Nostra,Pizzería,-16.5082242,-68.12588749999999,4.4,975,Bs 20-40,"Entre calle, Avenida Arce N°2342, Rosendo Gutierrez y, La Paz",pizzería La Paz Bolivia
Fellini Pizza y Gelato,Restaurante italiano,-16.5425921,-68.0791062,4.5,1674,Bs 80-180,"Calle Rene, Gabriel René Moreno 1383, La Paz",pizzería La Paz Bolivia
Mozzarella Pizza,Pizzería,-16.4958633,-68.1397987,4.3,790,Bs 40-60,"Av. Illampu 757, La Paz",pizzería La Paz Bolivia
Mozzarella Pizza,Pizzería,-16.50951,-68.1237551,4.1,33,,"Las Torres Mall, Av. Arce, La Paz",pizzería La Paz Bolivia
Tutto Pasta,Restaurante italiano,-16.5435673,-68.0799026,4.1,162,Bs 60-160,"Gabriel René Moreno 1050, La Paz",pizzería La Paz Bolivia
Pizzería Bella Ciao,Pizzería,-16.4969619,-68.138959,4.9,659,Bs 60-80,"Melchor Jimenez 872, La Paz",pizzería La Paz Bolivia
La Torre de Pizza,Pizzería,-16.5122207,-68.1292158,4.6,145,Bs 60-80,"Belisario Salinas 348, La Paz",pizzería La Paz Bolivia
Martinni Pizza - Pasta,Restaurante,-16.4959073,-68.1400255,4.1,189,Bs 40-60,"Av. Illampu 734, La Paz",pizzería La Paz Bolivia
Cozzolisi,Restaurante,-16.5433372,-68.0796197,4.4,119,,"Enrique Peñaranda, La Paz",pizzería La Paz Bolivia
PIZZA DE ALTURA,Pizzería,-16.5383057,-68.0873297,5.0,13,Bs 20-60,"FW67+P37, Av. de la Fuerza Naval, La Paz",pizzería La Paz Bolivia
Pizzería italy in Bolivia,Pizzería,-16.4967595,-68.1395385,4.3,124,Bs 40-60,"Av. Illampu, La Paz",pizzería La Paz Bolivia
Circus Pizzeria,Pizzería,-16.544988099999998,-68.0790344,4.5,96,Bs 20-100,"Jose Maria Zalles, La Paz",pizzería La Paz Bolivia
Mr. Pizza,Pizzería,-16.498828,-68.1209525,4.1,990,Bs 40-120,"Río Esmeralda, Av. Busch 1667, La Paz",pizzería La Paz Bolivia
DT Brew House,Bar restaurante,-16.4984823,-68.1369476,4.4,565,Bs 40-120,"Murillo 1014, La Paz",pizzería La Paz Bolivia
Pizza Steve,Restaurante,-16.5086876,-68.12715,4.1,77,Bs 40-100,"Rosendo Gutierrez, La Paz",pizzería La Paz Bolivia
The Carrot Tree Centro,Restaurante,-16.496185,-68.13886939999999,4.3,1541,Bs 40-60,"Inside galeria sumaya, Linares 809 esquina, La Paz",pizzería La Paz Bolivia
Efímera,Pizzería,-16.513424099999998,-68.12463149999999,4.6,496,Bs 60-80,La Paz,pizzería La Paz Bolivia
Pizza Río San Miguel,Pizzería,-16.5426562,-68.080545,4.1,288,Bs 20-80,"Calle Claudio Aliaga, Av. Montenegro y, La Paz",pizzería La Paz Bolivia
La Pizza Nostra,Pizzería,-16.525544,-68.1089866,4.4,634,Bs 20-40,"Av Hernando Siles 5956, La Paz",pizzería La Paz Bolivia
Mr. Pizza,Pizzería,-16.5101504,-68.1263069,3.9,193,Bs 40-60,"FVQF+WFP, Av.20 de Octubre, La Paz",pizzería La Paz Bolivia
Restaurante Vegetariano Armonia,Restaurante vegetariano,-16.510229799999998,-68.12946939999999,4.7,111,Bs 20-40,"Ecuador 2286, esquina, La Paz",pizzería La Paz Bolivia
Popular Cocina Boliviana,Restaurante,-16.496019699999998,-68.1382794,4.6,1470,Bs 80-100,"Murillo 826, La Paz",pizzería La Paz Bolivia
The Lucky Llama Irish Bar,Pub irlandés,-16.4962916,-68.13881909999999,4.5,326,Bs 40-80,"casi equina, galeria sumaya, Linares 809, La Paz",pizzería La Paz Bolivia
Pizza Río Miraflores,Pizzería,-16.4975412,-68.120958,4.1,191,Bs 20-60,La Paz,pizzería La Paz Bolivia
MEGA PIZZA JUANKY - CEJA EL ALTO,Restaurante,-16.506364899999998,-68.1628952,4.6,21,Bs 20-40,"Dos, La Paz",pizzería La Paz Bolivia
Demente,Pizzería,-16.504045899999998,-68.13195089999999,4.8,150,Bs 40-60,"Cañada Strongest 1862, La Paz",pizzería La Paz Bolivia
PIZZA LA ROMA SOPOCACHI,Pizzería,-16.513070499999998,-68.1263767,4.9,29,Bs 60-80,"C.mario pinilla, La Paz",pizzería La Paz Bolivia
Muela del Diablo Bar,Pizzería,-16.5450487,-68.07915229999999,4.4,960,Bs 60-160,"Jose Maria Zalles, La Paz",pizzería La Paz Bolivia
Pomodoro Rosso Calle 10 de Calacoto,Pizzería,-16.5410804,-68.0892901,4.4,94,Bs 40-60,"FW56+H78, C. 10, La Paz",pizzería La Paz Bolivia
Carbón & Sal,Restaurante argentino,-16.5347784,-68.0724923,4.4,189,Bs 60-140,"Achumani, Av. Alexander Esq, C. 13 70, La Paz",pizzería La Paz Bolivia
Da Gloria Pasta,Restaurante italiano,-16.5437382,-68.0800552,4.8,25,Bs 80-100,"Gabriel René Moreno 1043, La Paz",pizzería La Paz Bolivia
METRO PIZZA,Pizzería,-16.4950237,-68.12368099999999,5.0,2,,La Paz,pizzería La Paz Bolivia
Pizza Nostra,Restaurante italiano,-16.5425696,-68.08036419999999,4.6,329,Bs 20-60,"Calle Claudio Aliaga, Bloque J, #46, Gabriel René Moreno Esquina, La Paz",pizzería La Paz Bolivia
Pizza Steve - Achumani,Pizzería,-16.528577,-68.07127,4.5,4,Bs 40-140,"FWCH+HF9, C. 22, La Paz",pizzería La Paz Bolivia
The English Pub,Bar restaurante,-16.4987276,-68.13756579999999,4.3,848,Bs 40-140,"GV26+GX3, Linares, La Paz",pizzería La Paz Bolivia
Cafe Vida Vegan & Healthy Restaurant La Paz,Restaurante vegano,-16.4987778,-68.1374321,4.8,360,Bs 20-40,"el que baja al Teleférico Morado, Pasaje Juan XXIII, detrás de la calle Tarija.187, a la vuelta del English Pub, Juan XXIII, La Paz",pizzería La Paz Bolivia
Kisu,Pizzería,-16.5438613,-68.0808876,4.6,15,Bs 60-80,"0000, La Paz",pizzería La Paz Bolivia
Don Carleone,Restaurante italiano,-16.4977432,-68.12095959999999,4.2,390,Bs 20-40,"GV2H+WJ3, La Paz",pizzería La Paz Bolivia
Bolivian Green Kitchen,Restaurante de cocina sudamericana,-16.4975243,-68.13866349999999,4.4,540,Bs 20-100,"Hotel Sagarnaga, C. Sagarnaga 326, La Paz",pizzería La Paz Bolivia
Lobos Pizzería,Pizzería,-16.4885177,-68.140098,4.4,246,Bs 40-60,"Av. Perú, La Paz",pizzería La Paz Bolivia
Il Falco,Restaurante italiano,-16.508532199999998,-68.1290729,4.3,797,Bs 60-80,"Guachalla 452, La Paz",pizzería La Paz Bolivia
Pizza Time,Pizzería,-16.496954499999998,-68.1279287,4.7,33,Bs 20-40,"Ave Tejada Sorzano Entre sucre, La Paz",pizzería La Paz Bolivia
La Choperia Antique - Pub,Pizzería,-16.4975853,-68.1382874,4.5,54,Bs 40-100,"Museo de la Coca, Linares 906, La Paz",pizzería La Paz Bolivia
MEGA PIZZA JUANKY - CEJA EL ALTO,Restaurante,-16.506364899999998,-68.1628952,4.6,21,Bs 20-40,"Dos, La Paz",pizzería La Paz Bolivia
METRO PIZZA,Pizzería,-16.4950237,-68.12368099999999,5.0,2,,La Paz,pizzería La Paz Bolivia
Chessy pizza,Pizzería,-16.5268861,-68.0880973,4.8,19,,"Av. Ovando Candia 450, La Paz",pizzería La Paz Bolivia
Kisu,Pizzería,-16.5438613,-68.0808876,4.6,15,Bs 60-80,"0000, La Paz",pizzería La Paz Bolivia
Carbón & Sal,Restaurante argentino,-16.5347784,-68.0724923,4.4,189,Bs 60-140,"Achumani, Av. Alexander Esq, C. 13 70, La Paz",pizzería La Paz Bolivia
Pizzería Torino,Restaurante italiano,-16.4963175,-68.1344782,3.9,242,Bs 20-40,"GV38+F6C, La Paz",pizzería La Paz Bolivia
GALAXY PIZZA,Pizzería,-16.5048843,-68.1209619,4.1,123,Bs 20-40,"Avenida Saavedra 2118, La Paz",pizzería La Paz Bolivia
Eli's Pizza,Pizzería,-16.5009808,-68.1329085,3.8,903,Bs 40-60,"Av. 16 de Julio No. 1497, La Paz",pizzería La Paz Bolivia
The English Pub,Bar restaurante,-16.4987276,-68.13756579999999,4.3,848,Bs 40-140,"GV26+GX3, Linares, La Paz",pizzería La Paz Bolivia
El Bosque Boulevard,Zona de restauración,-16.5408413,-68.08386519999999,4.6,1709,Bs 40-140,"Calle 15, Av. Sanchez Bustamante y, La Paz",pizzería La Paz Bolivia
Da Gloria Pasta,Restaurante italiano,-16.5437382,-68.0800552,4.8,25,Bs 80-100,"Gabriel René Moreno 1043, La Paz",pizzería La Paz Bolivia
Mr. Pizza,Pizzería,-16.4981997,-68.1332833,3.9,390,Bs 20-40,"Mercado 1307, La Paz",pizzería La Paz Bolivia
Rosmarino,Restaurante italiano,-16.5403989,-68.084662,4.2,110,Bs 80-140,"Calacoto Av Sánchez Bustamante entre calles 14 y, 15 892, La Paz",pizzería La Paz Bolivia
Mr Pizza,Pizzería,-16.5287917,-68.071151,4.0,416,Bs 40-60,"Calle 22 entre García Lanza y, José Manuel Chinchilla, La Paz",pizzería La Paz Bolivia
Ali Pacha,Restaurante vegetariano,-16.4975331,-68.1331288,4.3,822,Más de Bs 200,"C. Colon 1306, La Paz",pizzería La Paz Bolivia
Mr. Pizza,Pizzería,-16.5421393,-68.080889,3.9,863,Bs 40-120,"E-2, Av. Montenegro, La Paz",pizzería La Paz Bolivia
Propiedad Pública,Restaurante,-16.543456499999998,-68.07960729999999,4.4,372,Bs 60-120,"Enrique Peñaranda, La Paz",pizzería La Paz Bolivia
The Lucky Llama Irish Bar,Pub irlandés,-16.4962916,-68.13881909999999,4.5,326,Bs 40-80,"casi equina, galeria sumaya, Linares 809, La Paz",bar La Paz Bolivia
The English Pub,Bar restaurante,-16.4987276,-68.13756579999999,4.3,848,Bs 40-140,"GV26+GX3, Linares, La Paz",bar La Paz Bolivia
Moe's Bar LPZ,Bar,-16.5413292,-68.0829054,4.1,350,Bs 40-60,"Avenida Julio Calle Pantino 944, La Paz",bar La Paz Bolivia
The Witches Pub,Pub restaurante,-16.497203199999998,-68.1384595,4.4,248,Bs 40-60,"0000, Linares 888, La Paz",bar La Paz Bolivia
The English Lion's,Pub,-16.4968987,-68.1374853,4.1,378,Bs 40-120,"Sagarnaga, La Paz",bar La Paz Bolivia
DT Brew House,Bar restaurante,-16.4984823,-68.1369476,4.4,565,Bs 40-120,"Murillo 1014, La Paz",bar La Paz Bolivia
Malegría Bar&Discoteca,Bar,-16.509153899999998,-68.12820289999999,4.0,1819,Bs 40-140,"Pje. Medinacelli 2282, La Paz",bar La Paz Bolivia
Cielo Bar,Bar,-16.5383532,-68.08190119999999,4.3,92,Bs 60-160,"Av. de la Fuerza Naval 1063, La Paz",bar La Paz Bolivia
Hb Bronze Coffeebar,Bar,-16.498013,-68.13051999999999,4.6,1368,Bs 40-120,"Plaza Tomas Frias 1570, La Paz",bar La Paz Bolivia
ALIVE ROCKERS MUSIC BAR,Bar con música en directo,-16.5430191,-68.0779045,4.1,587,Bs 60-140,"Av. Montenegro 893, La Paz",bar La Paz Bolivia
La Costilla de Adan,Bar,-16.5174232,-68.1291154,4.5,214,Bs 20-100,"M. #2974, Prol. Armaza, La Paz",bar La Paz Bolivia
Beer Station,Bar restaurante,-16.5119685,-68.1262455,4.5,856,$$,"Sanchez Lima 2512, La Paz",bar La Paz Bolivia
Ciclik,Bar,-16.509007699999998,-68.1274857,4.0,587,Bs 20-80,"Sopocachi, Rosendo Gutierrez, Esq #393, La Paz",bar La Paz Bolivia
LaTrovería,Bar con música en directo,-16.4979986,-68.1379883,3.9,89,Bs 60-80,"Linares 958, La Paz",bar La Paz Bolivia
Cholahuasi,Bar,-16.5017356,-68.1350965,4.4,107,Bs 60-160,"FVX7+8X2, C. Colombia, La Paz",bar La Paz Bolivia
Diesel Nacional Pub,Bar restaurante,-16.5088446,-68.1276724,4.3,1132,$$,"Av.20 de Octubre #2271, La Paz",bar La Paz Bolivia
Achachila Lounge Bar,Bar,-16.511172,-68.1288869,4.3,61,Bs 20-120,"Pasaje Waldo Ballivian, La Paz",bar La Paz Bolivia
YATI Restaurant café bar,Restaurante,-16.49852,-68.1371576,4.6,727,Bs 40-80,"+591, La Paz",bar La Paz Bolivia
WU BAR,Pub restaurante,-16.5446919,-68.0913899,4.3,43,Bs 80-140,"Centro Empresarial La Florida, Shopping Sur, Av. Arequipa, La Paz",bar La Paz Bolivia
Café Restaurante Banais,Restaurante,-16.4967917,-68.1372583,4.5,853,Bs 40-120,"Sagarnaga 161, La Paz",bar La Paz Bolivia
Beef & Beer,Restaurante,-16.5098019,-68.12566509999999,4.3,672,Bs 60-80,"Av.6 de Agosto 2460, La Paz",bar La Paz Bolivia
Le Club,Bar restaurante,-16.523489899999998,-68.1209217,4.3,134,,"Av. Mario Mercado 808, La Paz",bar La Paz Bolivia
Matheus Pub,Bar,-16.5070251,-68.1299465,4.3,182,Bs 20-100,"edificio Atahualpa #2072, Av.20 de Octubre y, La Paz",bar La Paz Bolivia
Backstage Bar & Karaoke,Karaoke,-16.5416897,-68.08087929999999,4.2,445,Bs 40-160,Av Montenegro E7 Edificio Aracely PB,bar La Paz Bolivia
WU BAR,Pub restaurante,-16.5446919,-68.0913899,4.3,43,Bs 80-140,"Centro Empresarial La Florida, Shopping Sur, Av. Arequipa, La Paz",bar La Paz Bolivia
Punku Bar,Bar,-16.5391551,-68.0898651,4.9,27,Bs 40-120,"C. 10 de Calacoto esquina, La Paz",bar La Paz Bolivia
Mato's,Bar,-16.5095177,-68.1286662,4.0,474,Bs 60-120,"Sanchez Lima 2237, La Paz",bar La Paz Bolivia
La Luna Espacio Cultural,Centro cultural,-16.4995994,-68.1360916,4.0,194,$$,"Murillo 1138, La Paz",bar La Paz Bolivia
El Bosque Boulevard,Zona de restauración,-16.5408413,-68.08386519999999,4.6,1709,Bs 40-140,"Calle 15, Av. Sanchez Bustamante y, La Paz",bar La Paz Bolivia
Rock City Bar,Pub,-16.4944623,-68.1322295,4.0,48,Bs 60-80,La Paz,bar La Paz Bolivia
Catch Your Breath Coffee BAR,Restaurante,-16.4975891,-68.1385414,4.5,89,Bs 40-60,"Sagarnaga 327, La Paz",bar La Paz Bolivia
Radio-Bar,Bar,-16.492716899999998,-68.1361878,4.7,38,,"Calle Jaén &, Indaburo, La Paz",bar La Paz Bolivia
Calderas Pub-Club,Pub,-16.4920148,-68.137497,4.2,237,Bs 80-100,"Calderas Pub, Calle Pisagua 653, La Paz",bar La Paz Bolivia
Pueblo Viejo,Pub restaurante,-16.5094294,-68.1264205,4.1,512,Bs 40-60,"Belisario Salinas 380, La Paz",bar La Paz Bolivia
La Birrería Pub,Pub restaurante,-16.4954061,-68.12697539999999,4.6,29,,"C. Modesta Sanjines N° 1373, La Paz",bar La Paz Bolivia
Hard Rock Cafe La Paz,Restaurante,-16.5406881,-68.0838614,4.2,529,,"Calle 15 entre Sánchez Bustamante y, Julio Patiño 8052, La Paz",bar La Paz Bolivia
Green Bar,Pub,-16.511713999999998,-68.1286755,3.8,143,Bs 20-120,"Belisario Salinas, La Paz",bar La Paz Bolivia
La Catrina,Pub restaurante,-16.5376267,-68.0818172,4.5,349,Bs 60-140,"Calle 1 de achumani, La Paz",bar La Paz Bolivia
OPEN MIND CLUB,Bar gay,-16.4977223,-68.1364018,3.9,319,$$,"Calle Cochabamba #100 entre Av. Mcal Santa Cruz y Calle Murillo, ( Discoteca Seven ) subsuelo Chifa Jacky Chan, La Paz",bar La Paz Bolivia
The Dubliner,Pub irlandés,-16.5329542,-68.08685059999999,4.0,951,Bs 40-140,"Av. Rafael Pabón, La Paz",bar La Paz Bolivia
Equinoccio,Bar con música en directo,-16.5085297,-68.1297443,4.3,862,$$,"Sanchez Lima 2191, La Paz",bar La Paz Bolivia
The Carrot Tree Centro,Restaurante,-16.496185,-68.13886939999999,4.3,1541,Bs 40-60,"Inside galeria sumaya, Linares 809 esquina, La Paz",bar La Paz Bolivia
La Choperia Antique - Pub,Bar,-16.4975853,-68.1382874,4.5,54,Bs 40-100,"Museo de la Coca, Linares 906, La Paz",bar La Paz Bolivia
BierHaus Prost,Restaurante,-16.5405822,-68.0845854,4.0,52,Bs 60-120,"El Bosque Boulevard, entre y, La Paz",bar La Paz Bolivia
La t,Pub,-16.4975721,-68.1382935,4.5,26,,"+591, Linares 906, La Paz",bar La Paz Bolivia
El Bestiario,Café teatro,-16.5076798,-68.12990669999999,4.5,238,Bs 20-100,"Aspiazu 426, La Paz",bar La Paz Bolivia
Muu resto bar,Restaurante,-16.541272499999998,-68.07928869999999,4.7,35,Bs 80-100,"Gabriel René Moreno 1320, La Paz",bar La Paz Bolivia
MORA Bar&Disco,Bar,-16.5089404,-68.1283679,4.1,48,Bs 20-100,"Pje. Medinacelli 2234, La Paz",bar La Paz Bolivia
Centro Cultural Thelonious,Club de jazz,-16.5153856,-68.1196369,4.4,230,Bs 40-120,"San Jorge, Av del Libertador #2998, La Paz",bar La Paz Bolivia
Café del Mundo,Restaurante,-16.4974839,-68.13865609999999,4.3,2178,Bs 40-60,"Sagarnaga 324, La Paz",bar La Paz Bolivia
Café con Pan,Cafetería,-16.4959676,-68.1383165,4.5,208,Bs 20-40,"Murillo 826, La Paz",bar La Paz Bolivia
Roots,Bar,-16.4926703,-68.1370869,4.1,642,Bs 80-200,"Ingavi 681, La Paz",bar La Paz Bolivia
Altura Resto Bar,Restaurante,-16.4974488,-68.1275179,4.1,98,Bs 40-160,"GV3C+2XH, casimiro corrales, La Paz",bar La Paz Bolivia
Hard Rock Cafe La Paz,Restaurante,-16.5406881,-68.0838614,4.2,529,,"Calle 15 entre Sánchez Bustamante y, Julio Patiño 8052, La Paz",bar La Paz Bolivia
Karaoke,Cafetería,-16.493740799999998,-68.1400803,4.0,51,,"GV45+GX3, La Paz",bar La Paz Bolivia
Ajayu Pub,Bar gay,-16.4957673,-68.1320425,3.7,55,,"Zona Central, C. Colon 610-668, La Paz",bar La Paz Bolivia
New Pa'Goza,Discoteca,-16.507908399999998,-68.1267283,3.3,472,$$,"FVRF+R8J, Rosendo Gutierrez, La Paz",bar La Paz Bolivia
Restaurante Cafeteria Sabor Urbano,Restaurante,-16.4975816,-68.1385245,4.8,141,Bs 20-40,"Sagarnaga 319, La Paz",bar La Paz Bolivia
Colonial Cafe - Pub,Bar,-16.4959776,-68.13890529999999,3.9,15,,"GV36+JC5, Santa Cruz, La Paz",bar La Paz Bolivia
Muela del Diablo Bar,Bar restaurante,-16.5450487,-68.07915229999999,4.4,960,Bs 60-160,"Jose Maria Zalles, La Paz",bar La Paz Bolivia
Gelateria Gigibontá,Heladería,-16.542418899999998,-68.0800986,4.5,161,$$,"Claudio Aliaga 1202, La Paz",heladerías La Paz Bolivia
Brosso,Heladería,-16.5008654,-68.133005,3.9,5967,$$,"Av. 16 de Julio No.1473, La Paz",heladerías La Paz Bolivia
Helados Splendid,Heladería,-16.5031547,-68.1355428,4.5,267,$,"Zona San Pedro Calle, Nicolás Acosta N°420, La Paz",heladerías La Paz Bolivia
La Crèmerie,Heladería,-16.5435043,-68.0785677,4.6,200,,"N-28, Jose Maria Zalles, La Paz",heladerías La Paz Bolivia
Heladería La Paletta,Heladería,-16.5095325,-68.1289544,4.6,20,,"0000, La Paz",heladerías La Paz Bolivia
Dumbo,Restaurante de cocina sudamericana,-16.5017963,-68.1323931,3.9,3261,Bs 40-120,"FVX9+72Q, Av. 16 de Julio, La Paz",heladerías La Paz Bolivia
Moyabaya - Heladería Artesanal,Heladería,-16.5370275,-68.07926239999999,4.9,14,,"C. 5 Achumani, La Paz",heladerías La Paz Bolivia
Helados Splendid,Heladería,-16.5399051,-68.0838483,4.4,33,,"FW68+2FJ, La Paz",heladerías La Paz Bolivia
LOVER ARTEHELADO,Heladería,-16.5421294,-68.08090039999999,5.0,25,,"Av. Montenegro E-3, La Paz",heladerías La Paz Bolivia
"""Palacio"" De Los Helados",Restaurante,-16.4965406,-68.1486319,4.0,244,Bs 1-20,"GV32+9GQ, José Maria Acha, La Paz",heladerías La Paz Bolivia
La Barra de Chocolate,Heladería,-16.5038152,-68.1344478,4.4,98,,"Av.20 de Octubre y, La Paz",heladerías La Paz Bolivia
Heladería Bits & Cream Miraflores,Heladería,-16.503369799999998,-68.1210449,3.8,73,,"Av. Busch 2066, La Paz",heladerías La Paz Bolivia
Heladería Frigo,Heladería,-16.4982067,-68.1241927,4.2,378,$,"GV2G+P87, La Paz",heladerías La Paz Bolivia
"El ""Palacio"" de Los Helados",Heladería,-16.5031683,-68.1436101,3.9,16,,"Villamil de Rada 895, La Paz",heladerías La Paz Bolivia
Heladeria Sandra,Heladería,-16.5404794,-68.076954,4.7,33,,"Calle 22 de Calacoto # 8225 casi Esq. Av Montenegro Edif. Via 22, Av. Montenegro, La Paz",heladerías La Paz Bolivia
Popsy Bolivia,Heladería,-16.5410805,-68.07951349999999,4.7,6,,"San Miguel, Calle Gabriel René Moreno, edificio Misutani, La Paz",heladerías La Paz Bolivia
Heladeria Sandra (Sucre),Cafetería,-16.5117924,-68.1264887,4.7,17,,"FVQF+7CJ, Sanchez Lima, La Paz",heladerías La Paz Bolivia
Nice Cream - Helados artesanales,Heladería,-16.5134285,-68.1408093,5.0,4,,"Calle, José Saravia # 252, La Paz",heladerías La Paz Bolivia
Belle Creme Gelato Bar,Heladería,-16.5396405,-68.0809101,5.0,33,,"C. 18 de Calacoto, La Paz",heladerías La Paz Bolivia
HELADOS DE CANELA,Heladería,-16.505613,-68.136664,4.2,42,$,"Plaza Israel, La Paz",heladerías La Paz Bolivia
Heladería Irpavi - Sucursal Irpavi,Heladería,-16.5200834,-68.08628829999999,4.8,5,,"FWH7+XF4, La Paz",heladerías La Paz Bolivia
Helados Splendid,Heladería,-16.5399051,-68.0838483,4.4,33,,"FW68+2FJ, La Paz",heladerías La Paz Bolivia
Michoacan Paletería Mexicana,Heladería,-16.539635999999998,-68.075537,4.7,7,,"C. 23, La Paz",heladerías La Paz Bolivia
Milky Way Heladeria,Heladería,-16.5058763,-68.12125999999999,3.0,1,,"Victor Eduardo 2208, La Paz",heladerías La Paz Bolivia
Mercado de Helados Tradicionales,Heladería,-16.4951981,-68.1509614,4.3,9,,"cementerio general, Zona, La Paz",heladerías La Paz Bolivia
"Ice Cream Power Rolls (helados a la plancha, cafetería y repostería)",Heladería,-16.4968389,-68.1323366,4.7,17,,"123, La Paz",heladerías La Paz Bolivia
Helados de Canela,Tienda de alimentación,-16.495187899999998,-68.1511928,4.0,5,,"GR3X+WGF, Baltazar Alquiza, La Paz",heladerías La Paz Bolivia
Fratier Bolivia La Paz,Suministro y fabricación de alimentos,-16.4966357,-68.1216943,2.3,3,,"Pasaje Puerto Príncipe N° 1487 entre Av. Busch y, Panama 1487, La Paz",heladerías La Paz Bolivia
Combinados,Heladería,-16.5434497,-68.0778504,5.0,6,,"Av. Montenegro 909, La Paz",heladerías La Paz Bolivia
Nice Cream - Helados artesanales,Heladería,-16.5134285,-68.1408093,5.0,4,,"Calle, José Saravia # 252, La Paz",heladerías La Paz Bolivia
Heladería Frigo,Heladería,-16.4982067,-68.1241927,4.2,378,$,"GV2G+P87, La Paz",heladerías La Paz Bolivia
Heladería Irpavi - Achumani Calle 15,Heladería,-16.531744,-68.0741267,,0,,"FW9G+786, La Paz",heladerías La Paz Bolivia
Deli Gelato,Heladería,-16.5448345,-68.0779276,4.6,9,,"Av. Montenegro 954, La Paz",heladerías La Paz Bolivia
Ohlala,Heladería,-16.545585499999998,-68.07466389999999,4.5,2,,"C. 2 Nro 100, La Paz",heladerías La Paz Bolivia
HELADOS A LA PLANCHA JH2O,Heladería,-16.5192184,-68.1563738,4.8,6,,"Av. Cívica 1075-1021, La Paz",heladerías La Paz Bolivia
Dolce Bolivia,Heladería,-16.4978445,-68.1167971,3.5,11,,"Juan Capriles 8, La Paz",heladerías La Paz Bolivia
Heladeria Frigo,Heladería,-16.5347968,-68.07486209999999,4.4,36,,"Calle 10 de Achumani Maria F. Goya, La Paz",heladerías La Paz Bolivia
Vaca Fría,Heladería,-16.5341952,-68.07533289999999,4.2,48,,"Achumani Av. García Lanza Nro. 70, entre calles 10 y 12",heladerías La Paz Bolivia
Heladeria City Rolls,Heladería,-16.4997384,-68.1250021,4.8,5,,La Paz,heladerías La Paz Bolivia
Heladería ARTICE,Heladería,-16.5020246,-68.14525689999999,5.0,8,,"FVX3+5VR, Bustamante, La Paz",heladerías La Paz Bolivia
Biancopuro Gelato,Heladería,-16.5167057,-68.1659521,3.8,70,,"Cielo Mall, Av Satélite, El Alto",heladerías La Paz Bolivia
No hay ninguna tienda de Helados Panda,Tienda de alimentación,-16.4975195,-68.13818909999999,,0,,"Sagarnaga 295, La Paz",heladerías La Paz Bolivia
Koala Frost,Heladería,-16.5106728,-68.12768489999999,4.0,4,,"Plaza Abaroa, Sanchez Lima esquina, La Paz",heladerías La Paz Bolivia
Yogen Früz,Yogurtería,-16.5328372,-68.0870778,4.2,38,,"MEGACENTER La Paz, Av. Rafael Pabón, La Paz",heladerías La Paz Bolivia
25Hrs FATTAS,Heladería,-16.5098383,-68.1232294,2.6,5,,"Edificio Santa Isabel, Av. Arce, La Paz",heladerías La Paz Bolivia
Biancopuro Gelato,Heladería,-16.5095062,-68.123746,4.2,6,,"FVRG+5GR, Av. Arce, La Paz",heladerías La Paz Bolivia
Dolce 20 de octubre,Heladería,-16.509683,-68.1268359,3.6,21,,"Av.20 de Octubre 2379, La Paz",heladerías La Paz Bolivia
Helados de Canela de la Abuelita,Heladería,-16.499082899999998,-68.1233503,4.0,5,,"C. Hugo Estrada 20, La Paz",heladerías La Paz Bolivia
Helados de Canela,Tienda de alimentación,-16.495187899999998,-68.1511928,4.0,5,,"GR3X+WGF, Baltazar Alquiza, La Paz",heladerías La Paz Bolivia
Agencia Delizia,Heladería,-16.5311244,-68.07280589999999,3.9,56,,"Calle 16, La Paz",heladerías La Paz Bolivia
Helados de Canela,Heladería,-16.5042009,-68.1211299,3.7,15,,"FVWH+8G9, Avenida Saavedra, La Paz",heladerías La Paz Bolivia
MiShirko Heladeria 🍦☁️❤️,Heladería,-16.524781,-68.1562412,3.9,82,,"Av. del Policia, El Alto",heladerías La Paz Bolivia
Agencia Delizia Plaza Villarroel,Heladería,-16.4847289,-68.1216817,3.7,20,,"Complejo Mi Teleférico, Avenida Busch, Plaza Villarroel, La Paz",heladerías La Paz Bolivia
La Grosería,Restaurante,-16.4979984,-68.13800119999999,4.4,545,Bs 40-60,"Calle Linares #940, Sagarnaga y, La Paz",heladerías La Paz Bolivia
Helados Panda,Kiosco,-16.494996699999998,-68.1501282,4.0,4,,"GR4X+2W5, Baltazar Alquiza, La Paz",heladerías La Paz Bolivia
Biancopuro Gelato,Heladería,-16.532042999999998,-68.0874336,3.0,2,,"FW97+52P, Av. Rafael Pabón, La Paz",heladerías La Paz Bolivia
"Heladería Bajo Cero Pampahasi , Waly Suma",Heladería,-16.501629299999998,-68.1036767,4.7,7,,La Paz,heladerías La Paz Bolivia
Delizia - Centro de Distribución,desconocido,-16.5330898,-68.1335103,4.2,208,,"Helados Delizia, Av. Mario Mercado 100, La Paz",heladerías La Paz Bolivia
Agencia Delizia - Calle 23 de Calacoto,Heladería,-16.5381993,-68.075585,3.0,4,,"FW6F+PQF, C. 23 de Calacoto, La Paz",heladerías La Paz Bolivia
El Bosque Boulevard,Zona de restauración,-16.5408413,-68.08386519999999,4.6,1709,Bs 40-140,"Calle 15, Av. Sanchez Bustamante y, La Paz",heladerías La Paz Bolivia
Don anticucho,Restaurante de comida rápida,-16.5056741,-68.1303135,4.1,37,Bs 20-40,"FVV9+PVM, La Paz",anticuchería La Paz Bolivia
Anticuchos MARY,Restaurante,-16.515413499999998,-68.12932529999999,4.5,22,Bs 20-40,"edificio ""Don Andres, Vincenti 740, La Paz",anticuchería La Paz Bolivia
El Velero Ardiente Anticuchos,Hawker stall,-16.5074751,-68.1294027,5.0,12,Bs 1-20,"Av.20 de Octubre 2107, La Paz",anticuchería La Paz Bolivia
Tripacucho,Restaurante,-16.5111362,-68.1334834,4.0,22,Bs 20-40,"Luis Crespo 2100, La Paz",anticuchería La Paz Bolivia
La Rufina Restaurant,Restaurante,-16.511324899999998,-68.1283646,4.4,595,Bs 60-160,"Belisario Salinas 572, La Paz",anticuchería La Paz Bolivia
Manq'a Restaurante,Restaurante de cocina sudamericana,-16.5101409,-68.12633509999999,4.5,869,Bs 80-100,"Plaza Abaroa, Av. 20 de octubre #927 (entre, Belisario Salinas y, La Paz",anticuchería La Paz Bolivia
Corazon en Llamas,Restaurante,-16.5440222,-68.0798895,4.2,76,Bs 40-60,"C, Gabriel René Moreno #1026, La Paz",anticuchería La Paz Bolivia
Anticuchos de tOdo Corazón,Restaurante de comida rápida,-16.5291919,-68.160637,4.5,2,,"FRCQ+8PH, Av. Cívica, La Paz",anticuchería La Paz Bolivia
anticuchos El Tradicional,Restaurante,-16.5117171,-68.1289036,,0,,"0000, La Paz",anticuchería La Paz Bolivia
Moonlight Restaurant,Restaurante,-16.5020342,-68.1191754,4.4,127,Bs 40-60,"Calle Francisco de Miranda #1905, Diaz Romero y, La Paz",anticuchería La Paz Bolivia
Anticuchos Lidia,Parrilla,-16.5006926,-68.1274799,3.3,3,,"Ave Simon Bolivar, La Paz",anticuchería La Paz Bolivia
Ricos Anticuchos,Buffet libre,-16.538625,-68.1854298,5.0,3,,"FR67+HR4, ENTRE AV. BOLIVIA Y AV ALAMOS LA PAZ, El Alto",anticuchería La Paz Bolivia
Bodegón Porteño,Restaurante argentino,-16.5103883,-68.124889,4.5,252,Bs 60-160,"Dentro de la Casa Argentina, Av.6 de Agosto # 2535, Casi esquina, La Paz",anticuchería La Paz Bolivia
Churrasquería Sabor Gaucho,Restaurante argentino,-16.5076392,-68.1279508,4.2,1435,Bs 60-160,"Av.6 de Agosto nº 319, La Paz",anticuchería La Paz Bolivia
La Boliviana,Restaurante,-16.4971051,-68.1378665,4.3,171,Bs 60-80,"Calle Sagárnaga esquina Murillo, Galería Chuquiago #213 [segundo piso",anticuchería La Paz Bolivia
The Steakhouse,Carvery,-16.4981693,-68.1368185,4.2,1745,$$$,"Murillo 1007, La Paz",anticuchería La Paz Bolivia
“Sabor de Mamá” sálteñas y anticuchos,Restaurante,-16.542216,-68.06637119999999,,0,,"C. 28 300, La Paz",anticuchería La Paz Bolivia
Phayawi Restaurante,Restaurante,-16.5307826,-68.06987269999999,4.4,438,Bs 80-200,"C/. 22 de Achumani, La Paz",anticuchería La Paz Bolivia
ASAU,Restaurante,-16.533439899999998,-68.07230489999999,4.7,227,Bs 100-200,"C. Santiago Fajardo 123, La Paz",anticuchería La Paz Bolivia
La Rufina Calacoto,Restaurante,-16.5427319,-68.08184849999999,4.5,264,Bs 80-100,"Calle 16 de Calacoto 8275, La Paz",anticuchería La Paz Bolivia
Churrasquería Sabor Argentino,Restaurante argentino,-16.5116279,-68.1235808,3.8,129,Bs 60-140,"Av.6 de Agosto 2645, La Paz",anticuchería La Paz Bolivia
Las Velas c,Restaurante de comida rápida,-16.5008162,-68.1271952,3.9,35,,"FVXF+M4F, La Paz",anticuchería La Paz Bolivia
Bissonte Grill House Anticuchos,Restaurante,-16.5322313,-68.0869512,1.3,3,,"Av. Rafael Pabón 656, La Paz",anticuchería La Paz Bolivia
Café del Mundo,Restaurante,-16.4974839,-68.13865609999999,4.3,2178,Bs 40-60,"Sagarnaga 324, La Paz",desayuno La Paz Bolivia
Cafe Vida Vegan & Healthy Restaurant La Paz,Restaurante vegano,-16.4987778,-68.1374321,4.8,360,Bs 20-40,"el que baja al Teleférico Morado, Pasaje Juan XXIII, detrás de la calle Tarija.187, a la vuelta del English Pub, Juan XXIII, La Paz",desayuno La Paz Bolivia
Café Restaurante Banais,Restaurante,-16.4967917,-68.1372583,4.5,853,Bs 40-120,"Sagarnaga 161, La Paz",desayuno La Paz Bolivia
Ciclik,Restaurante,-16.509007699999998,-68.1274857,4.0,587,Bs 20-80,"Sopocachi, Rosendo Gutierrez, Esq #393, La Paz",desayuno La Paz Bolivia
The Carrot Tree Centro,Restaurante,-16.496185,-68.13886939999999,4.3,1541,Bs 40-60,"Inside galeria sumaya, Linares 809 esquina, La Paz",desayuno La Paz Bolivia
Hb Bronze Coffeebar,Restaurante,-16.498013,-68.13051999999999,4.6,1368,Bs 40-120,"Plaza Tomas Frias 1570, La Paz",desayuno La Paz Bolivia
Typica Café,Cafetería,-16.5110113,-68.1245557,4.4,2765,Bs 40-60,"Av.6 de Agosto 2584, La Paz",desayuno La Paz Bolivia
Epico Restaurante,Cafetería,-16.540599399999998,-68.0851493,4.5,349,Bs 20-100,"Calle 14 Calacoto. Ten steps from Av Sanchez Bustamante, La Paz",desayuno La Paz Bolivia
Paceña La Salteña,Restaurante de cocina sudamericana,-16.4989176,-68.1332132,4.5,1043,Bs 20-40,"Loayza Nº 233, La Paz",desayuno La Paz Bolivia
Restaurante Cafeteria Sabor Urbano,Restaurante,-16.4975816,-68.1385245,4.8,141,Bs 20-40,"Sagarnaga 319, La Paz",desayuno La Paz Bolivia
Biofilia Café,Cafetería,-16.5090146,-68.12607969999999,4.6,414,Bs 40-60,"AV. 6 DE AGOSTO #2399, Av.6 de Agosto esquina, La Paz",desayuno La Paz Bolivia
YATI Restaurant café bar,Restaurante,-16.49852,-68.1371576,4.6,727,Bs 40-80,"+591, La Paz",desayuno La Paz Bolivia
The Writer's Coffee,Cafetería,-16.4966985,-68.1330272,4.5,481,Bs 20-40,"Interior Librería, C. Comercio 1270, La Paz",desayuno La Paz Bolivia
The Lucky Llama Irish Bar,Pub irlandés,-16.4962916,-68.13881909999999,4.5,326,Bs 40-80,"casi equina, galeria sumaya, Linares 809, La Paz",desayuno La Paz Bolivia
Vainilla,Restaurante,-16.541107699999998,-68.0796562,4.1,2736,Bs 20-100,"FW5C+H45, Ferrecio, La Paz",desayuno La Paz Bolivia
Bolivian Green Kitchen,Restaurante de cocina sudamericana,-16.4975243,-68.13866349999999,4.4,540,Bs 20-100,"Hotel Sagarnaga, C. Sagarnaga 326, La Paz",desayuno La Paz Bolivia
Alexander Coffee,Cafetería,-16.503569199999998,-68.1315777,4.2,1726,Bs 40-60,"Av. 16 de Julio 1832, La Paz",desayuno La Paz Bolivia
Roaster Specialty Coffee,Cafetería,-16.5415834,-68.0787612,4.4,811,Bs 20-80,"Gabriel René Moreno, La Paz",desayuno La Paz Bolivia
Typica Café San Miguel,Cafetería,-16.5427615,-68.07962599999999,4.4,307,Bs 40-60,"Enrique Peñaranda 1075, La Paz",desayuno La Paz Bolivia
Alexander Coffee,Cafetería,-16.4964178,-68.1346841,4.2,1252,Bs 20-80,"Potosi 1091, La Paz",desayuno La Paz Bolivia
La Grosería,Restaurante,-16.4979984,-68.13800119999999,4.4,545,Bs 40-60,"Calle Linares #940, Sagarnaga y, La Paz",desayuno La Paz Bolivia
The English Pub,Bar restaurante,-16.4987276,-68.13756579999999,4.3,848,Bs 40-140,"GV26+GX3, Linares, La Paz",desayuno La Paz Bolivia
Dumbo,Restaurante de cocina sudamericana,-16.5017963,-68.1323931,3.9,3261,Bs 40-120,"FVX9+72Q, Av. 16 de Julio, La Paz",desayuno La Paz Bolivia
Café Ciudad,Restaurante,-16.5052178,-68.1302749,3.8,982,Bs 20-40,"Frente al Monoblock UMSA, Avenida Villazón. 1978 Plaza Bicentenario, La Paz",desayuno La Paz Bolivia
Cafeína Specialty Coffee Shop to Go,Cafetería,-16.5411315,-68.0785726,4.5,379,Bs 20-60,"FW5C+GHW, Av. Montenegro, La Paz",desayuno La Paz Bolivia
Wayruru Café,Cafetería,-16.5116731,-68.1265493,4.4,118,Bs 20-40,"Planta baja Gym Spazio, Sanchez Lima Esquina, La Paz",desayuno La Paz Bolivia
Lunas Restaurant Coffee,Restaurante,-16.4973966,-68.1383318,4.3,272,Bs 40-60,"Sagarnaga, La Paz",desayuno La Paz Bolivia
Warmisita Sweet & Waffles,Restaurante de brunch,-16.4985212,-68.1372556,4.5,45,Bs 60-80,"Tarija 226, La Paz",desayuno La Paz Bolivia
Madame Brunch & Bakery,Cafetería,-16.544992699999998,-68.0796308,4.6,159,Bs 40-80,"Enrique Peñaranda 955, La Paz",desayuno La Paz Bolivia
Mugen Coffee Project,Cafetería,-16.5104006,-68.1260746,4.5,111,Bs 20-40,"Av.20 de Octubre 2475, La Paz",desayuno La Paz Bolivia
Macabeo,Cafetería,-16.5427542,-68.0801876,4.5,152,Bs 40-60,"Gabriel René Moreno 1091, La Paz",desayuno La Paz Bolivia
Cafe Beirut,Restaurante,-16.5094677,-68.1264581,3.8,567,Bs 40-60,"Calle 380, La Paz",desayuno La Paz Bolivia
Alexander Coffee,Cafetería,-16.5102211,-68.1262141,4.2,1180,Bs 20-80,"FVQF+WG7, Av.20 de Octubre, La Paz",desayuno La Paz Bolivia
Mokaffee,Cafetería,-16.5410227,-68.0889724,4.5,148,Bs 20-80,"C. 10 7922, La Paz",desayuno La Paz Bolivia
DT Brew House,Bar restaurante,-16.4984823,-68.1369476,4.4,565,Bs 40-120,"Murillo 1014, La Paz",desayuno La Paz Bolivia
ROSSE COFFEE,Cafetería,-16.5428156,-68.0798824,3.6,316,Bs 40-60,"Gabriel René Moreno 1080, La Paz",desayuno La Paz Bolivia
Sangre y Madera Café Espacio Cultural,Cafetería,-16.50914,-68.1284027,4.4,213,Bs 20-40,"Calle Boyacá N°3, ingreso por el Pasaje Medinacelli Entre 20 de Octubre y, Rosendo Gutiérrez, Zona Sopocachi, La Paz",desayuno La Paz Bolivia
Kenti,Restaurante,-16.540736499999998,-68.08604509999999,4.2,204,Bs 40-120,"c. 13, esq 8009, La Paz",desayuno La Paz Bolivia
Alexander Coffee,Cafetería,-16.5407556,-68.07977249999999,4.3,2084,Bs 20-100,"Av. Montenegro, La Paz",desayuno La Paz Bolivia
Vainilla Bistro,Restaurante de brunch,-16.5403472,-68.0840336,4.1,42,Bs 40-60,"FW58+V93, Calle 15, La Paz",desayuno La Paz Bolivia
Alexander Coffee,Cafetería,-16.5407556,-68.07977249999999,4.3,2084,Bs 20-100,"Av. Montenegro, La Paz",desayuno La Paz Bolivia
Vainilla Bistro,Restaurante de brunch,-16.5403472,-68.0840336,4.1,42,Bs 40-60,"FW58+V93, Calle 15, La Paz",desayuno La Paz Bolivia
El caldero inglés,Cafetería,-16.5139241,-68.1294168,4.8,47,Bs 20-40,"A media cuadra de la Plaza España A media cuadra del Teleférico Amarillo, Calle Quintin n° 754, La Paz",desayuno La Paz Bolivia
"Namas Té ,",Restaurante vegano,-16.5027813,-68.1369626,4.4,506,Bs 20-40,"Zoilo Flores 1334, La Paz",desayuno La Paz Bolivia
The Local Dish,Restaurante,-16.498086,-68.1368689,4.3,199,Bs 40-100,"Murillo 999 Esquina, La Paz",desayuno La Paz Bolivia
Amasa brunch & bakery,Panadería,-16.5342064,-68.0762949,4.1,84,Bs 60-80,"C. 10 5, La Paz",desayuno La Paz Bolivia
Ona Restaurant,Restaurante de alta cocina,-16.5409683,-68.082863,4.4,76,,"Calle 16 Nº8052 Calacoto, La Paz, Bolivia",desayuno La Paz Bolivia
Restaurante Cafeteria Sabor Urbano,Restaurante,-16.4975816,-68.1385245,4.8,141,Bs 20-40,"Sagarnaga 319, La Paz",almuerzo económico La Paz Bolivia
Popular Cocina Boliviana,Restaurante,-16.496019699999998,-68.1382794,4.6,1470,Bs 80-100,"Murillo 826, La Paz",almuerzo económico La Paz Bolivia
HASTA LA VUELTA,Restaurante,-16.5411923,-68.0946567,4.5,547,Bs 80-100,"Julian Sandoval 1001, La Paz",almuerzo económico La Paz Bolivia
El Carnero,Restaurante,-16.5079436,-68.13018269999999,4.8,97,Bs 40-120,"Aspiazu 478, La Paz",almuerzo económico La Paz Bolivia
Restaurant Doña Remedios,Restaurante de cocina sudamericana,-16.5058672,-68.1289199,4.2,633,Bs 40-60,"Montevideo, Av. Arce 2081, La Paz",almuerzo económico La Paz Bolivia
La Boliviana,Restaurante,-16.4971051,-68.1378665,4.3,171,Bs 60-80,"Calle Sagárnaga esquina Murillo, Galería Chuquiago #213 [segundo piso",almuerzo económico La Paz Bolivia
YATI Restaurant café bar,Restaurante,-16.49852,-68.1371576,4.6,727,Bs 40-80,"+591, La Paz",almuerzo económico La Paz Bolivia
El Motacú restaurant,Restaurante de cocina sudamericana,-16.4974174,-68.1241847,4.0,632,Bs 20-40,"Av. Saavedra 1513, La Paz",almuerzo económico La Paz Bolivia
Reencuentro con la naturaleza,Restaurante de comida saludable,-16.495967699999998,-68.1383165,4.7,114,Bs 20-40,"Murillo 826, La Paz",almuerzo económico La Paz Bolivia
Paceña La Salteña,Restaurante de cocina sudamericana,-16.4989176,-68.1332132,4.5,1043,Bs 20-40,"Loayza Nº 233, La Paz",almuerzo económico La Paz Bolivia
Café Restaurante Banais,Restaurante,-16.4967917,-68.1372583,4.5,853,Bs 40-120,"Sagarnaga 161, La Paz",almuerzo económico La Paz Bolivia
El Bosque Boulevard,Zona de restauración,-16.5408413,-68.08386519999999,4.6,1709,Bs 40-140,"Calle 15, Av. Sanchez Bustamante y, La Paz",almuerzo económico La Paz Bolivia
La Rufina Restaurant,Restaurante,-16.511324899999998,-68.1283646,4.4,595,Bs 60-160,"Belisario Salinas 572, La Paz",almuerzo económico La Paz Bolivia
La Nonna,Restaurante,-16.5109891,-68.1228099,4.0,236,Bs 20-40,"Av. Arce 2618, La Paz",almuerzo económico La Paz Bolivia
Sabor Cubano La Paz Bolivia,Restaurante cubano,-16.4978971,-68.1389654,4.5,641,Bs 40-100,"Calle Sagarnaga 357 entre la illampu y, Linares, La Paz",almuerzo económico La Paz Bolivia
Go Green,Restaurante vegetariano,-16.5411785,-68.0805483,4.7,129,Bs 20-40,"Av. Montenegro esquina, La Paz",almuerzo económico La Paz Bolivia
El Vagón del Sur,Restaurante,-16.5449043,-68.08908989999999,4.4,915,Bs 80-180,"Ave Los Sauces, La Paz",almuerzo económico La Paz Bolivia
La Tranquera,Restaurante,-16.5408904,-68.0894184,4.4,408,Bs 80-180,"Av. Ballivián N° 369, La Paz",almuerzo económico La Paz Bolivia
ASAU,Restaurante,-16.533439899999998,-68.07230489999999,4.7,227,Bs 100-200,"C. Santiago Fajardo 123, La Paz",almuerzo económico La Paz Bolivia
Potokos,Restaurante de cocina sudamericana,-16.4883023,-68.1221517,4.4,229,Bs 40-100,"Costa Rica 1346, La Paz",almuerzo económico La Paz Bolivia
Sucremanta,Restaurante de cocina sudamericana,-16.539611999999998,-68.0774151,4.1,327,Bs 40-60,"Av. Julio Calle Pantino 1518, La Paz",almuerzo económico La Paz Bolivia
The Carrot Tree Centro,Restaurante,-16.496185,-68.13886939999999,4.3,1541,Bs 40-60,"Inside galeria sumaya, Linares 809 esquina, La Paz",almuerzo económico La Paz Bolivia
Café Ciudad,Restaurante,-16.5052178,-68.1302749,3.8,982,Bs 20-40,"Frente al Monoblock UMSA, Avenida Villazón. 1978 Plaza Bicentenario, La Paz",almuerzo económico La Paz Bolivia
Pasión Criolla,Restaurante,-16.5019092,-68.1331634,2.7,76,Bs 20-80,"001, La Paz",almuerzo económico La Paz Bolivia
Don Hugo Parrilla ex Parrilla Casa Argentina,Restaurante argentino,-16.5115795,-68.12491589999999,4.3,1617,Bs 60-160,"Calle Lisimaco Gutierrez #393, 20 de octubre y, La Paz",almuerzo económico La Paz Bolivia
Tia Gladys,Restaurante de cocina sudamericana,-16.496651399999998,-68.1395771,4.1,260,Bs 40-60,"GV36+85M, Av. IIIampu, La Paz",almuerzo económico La Paz Bolivia
Restaurante Rincón Cochabambino,Restaurante de cocina sudamericana,-16.540793999999998,-68.06796369999999,4.0,457,Bs 40-120,"Av. Muñoz Reyes, La Paz",almuerzo económico La Paz Bolivia
New Delhi Curry Lounge,Restaurante indio,-16.4975772,-68.138699,4.7,403,Bs 40-100,"Sagarnaga 334, La Paz",almuerzo económico La Paz Bolivia
Café del Mundo,Restaurante,-16.4974839,-68.13865609999999,4.3,2178,Bs 40-60,"Sagarnaga 324, La Paz",almuerzo económico La Paz Bolivia
Ali Pacha,Restaurante vegetariano,-16.4975331,-68.1331288,4.3,822,Más de Bs 200,"C. Colon 1306, La Paz",almuerzo económico La Paz Bolivia
FUEGO Parrilla Experience,Restaurante,-16.5432658,-68.08228079999999,4.2,788,Bs 100-200,"C. Adolfo Gonzales N27, La Paz",almuerzo económico La Paz Bolivia
El Solar De Las Cabecitas,Restaurante,-16.494680199999998,-68.1359382,4.1,206,Bs 40-100,"C. Comercio 863, La Paz",almuerzo económico La Paz Bolivia
Rellenos de Doña Emi,Restaurante familiar,-16.4963867,-68.13646179999999,4.4,57,Bs 1-20,"Av. Mariscal Sta. Cruz 950, La Paz",almuerzo económico La Paz Bolivia
Churrasquería El Fogoncito de Miky,Parrilla,-16.544160599999998,-68.07920829999999,4.0,333,$$,"FW4C+88M, La Paz",almuerzo económico La Paz Bolivia
Potro Negro Restaurante,Restaurante,-16.533323499999998,-68.0747659,4.0,68,Bs 20-40,"Av. Manuel Víctor García Lanza N° 507, La Paz",almuerzo económico La Paz Bolivia
"RESTAURANTE "" MISTURAS """,Restaurante,-16.5280927,-68.10492529999999,4.5,103,,"C. 12 5813, La Paz",almuerzo económico La Paz Bolivia
Cafe Vida Vegan & Healthy Restaurant La Paz,Restaurante vegano,-16.4987778,-68.1374321,4.8,360,Bs 20-40,"el que baja al Teleférico Morado, Pasaje Juan XXIII, detrás de la calle Tarija.187, a la vuelta del English Pub, Juan XXIII, La Paz",almuerzo económico La Paz Bolivia
Restaurant Sol y Luna,Restaurante,-16.532492599999998,-68.075276,4.2,133,Bs 20-40,La Paz,almuerzo económico La Paz Bolivia
Restaurant Chabuca,Restaurante peruano,-16.4978233,-68.1191576,4.3,631,Bs 60-180,Av. Brasil entre calles Pasoskanki y Lucas Jaime Nª 1624,almuerzo económico La Paz Bolivia
Nina Brasas con Altura,Restaurante italiano,-16.538343599999997,-68.08159239999999,4.1,415,Bs 100-200,"Av. de La Fuerza Naval, 3° Andar, La Paz",almuerzo económico La Paz Bolivia
Chifa Lu Qing,Restaurante chino,-16.5101427,-68.12314959999999,4.3,1738,Bs 40-120,"Av. Arce 2549, La Paz",almuerzo económico La Paz Bolivia
Tinto,Restaurante especializado en filetes,-16.543660499999998,-68.0875587,4.5,997,$$$,"one block from Calvert School, 9th Street of Calacoto, Las Kantutas, La Paz",almuerzo económico La Paz Bolivia
Mi Perú,Restaurante peruano,-16.5094429,-68.1269828,4.1,349,Bs 60-160,"FVRF+66C, Av.20 de Octubre, La Paz",almuerzo económico La Paz Bolivia
La Ollita Chuquisaqueña,Restaurante,-16.5088908,-68.1272331,4.9,7,Bs 40-60,"Calle Rosendo Gutierrez #373, Av.20 de Octubre y, La Paz",almuerzo económico La Paz Bolivia
"Kiosco El ""Palacio"" del Thimpu",Restaurante familiar,-16.4830073,-68.1224136,3.8,80,Bs 20-40,"Altura Plza. Villarroel, kiosco #12 color rojo, Av. Tejada Sorzano, La Paz",almuerzo económico La Paz Bolivia
Il Falco,Restaurante italiano,-16.508532199999998,-68.1290729,4.3,797,Bs 60-80,"Guachalla 452, La Paz",almuerzo económico La Paz Bolivia
Fellini Pizza y Gelato,Restaurante italiano,-16.5425921,-68.0791062,4.5,1674,Bs 80-180,"Calle Rene, Gabriel René Moreno 1383, La Paz",almuerzo económico La Paz Bolivia
LUDO COCINA A LA VISTA,Restaurante francés,-16.509089799999998,-68.1282409,4.5,345,Bs 80-180,"Pje. Medinacelli 2268, La Paz",almuerzo económico La Paz Bolivia
Restaurante La Ollada,Restaurante,-16.500354899999998,-68.1315674,3.2,47,Bs 20-40,La Paz,almuerzo económico La Paz Bolivia
Beatricce,Restaurante,-16.5091067,-68.1295976,4.3,185,Bs 60-80,"FVRC+952, Guachalla, La Paz",almuerzo económico La Paz Bolivia
El Buen Gusto - Almuerzos y Comida Rapida,Restaurante,-16.5393546,-68.07605099999999,4.1,11,,"FW6F+6HW, La Paz",almuerzo económico La Paz Bolivia
La Cueva,Restaurante mexicano,-16.4983486,-68.1371336,3.9,598,Bs 40-120,"Tarija Esquina, La Paz",almuerzo económico La Paz Bolivia
Doña Milanesa,Restaurante,-16.5026231,-68.12181319999999,3.6,65,Bs 20-40,"Avenida Saavedra 1740, La Paz",almuerzo económico La Paz Bolivia
Restaurant Jazmín,Restaurante de cocina sudamericana,-16.5067092,-68.12995699999999,3.7,42,,"Av.20 de Octubre 2019, La Paz",almuerzo económico La Paz Bolivia
El Famoso Chairo,Restaurante,-16.5286154,-68.1477745,4.0,41,Bs 20-40,"71, Diego de Ocana, La Paz",almuerzo económico La Paz Bolivia
Marrakech,Restaurante kosher,-16.4957806,-68.1394735,4.3,145,Bs 40-60,"Melchor Jimenez 774, La Paz",almuerzo económico La Paz Bolivia
Restaurante Pico de Oro,Restaurante,-16.4864617,-68.1215054,3.9,117,,"GV7H+C99, Av. Busch, La Paz",almuerzo económico La Paz Bolivia
Churrasquería el rodeo,Restaurante argentino,-16.5391227,-68.0888525,4.3,680,Bs 80-180,"FW66+9F2, C. 11, La Paz",almuerzo económico La Paz Bolivia
Lunas Restaurant Coffee,Restaurante,-16.4973966,-68.1383318,4.3,272,Bs 40-60,"Sagarnaga, La Paz",almuerzo económico La Paz Bolivia
La Capital Hamburguesas,Hamburguesería,-16.5120651,-68.125698,4.2,806,Bs 40-80,"Lisímaco Gutierrez 481, La Paz",almuerzo económico La Paz Bolivia
Sabor Cubano La Paz Bolivia,Restaurante cubano,-16.4978971,-68.1389654,4.5,641,Bs 40-100,"Calle Sagarnaga 357 entre la illampu y, Linares, La Paz",cena La Paz Bolivia
Gustu,Restaurante de cocina sudamericana,-16.544706899999998,-68.086413,4.5,1887,Más de Bs 200,"Calle 10 de Calacoto, casi, La Paz",cena La Paz Bolivia
Oliva Restaurant - Cocina Abierta,Restaurante,-16.497125099999998,-68.13851199999999,4.6,903,Bs 40-100,"Linares, La Paz",cena La Paz Bolivia
YATI Restaurant café bar,Restaurante,-16.49852,-68.1371576,4.6,727,Bs 40-80,"+591, La Paz",cena La Paz Bolivia
Fellini Pizza y Gelato,Restaurante italiano,-16.5425921,-68.0791062,4.5,1674,Bs 80-180,"Calle Rene, Gabriel René Moreno 1383, La Paz",cena La Paz Bolivia
La Rufina Restaurant,Restaurante,-16.511324899999998,-68.1283646,4.4,595,Bs 60-160,"Belisario Salinas 572, La Paz",cena La Paz Bolivia
Manq'a Restaurante,Restaurante de cocina sudamericana,-16.5101409,-68.12633509999999,4.5,869,Bs 80-100,"Plaza Abaroa, Av. 20 de octubre #927 (entre, Belisario Salinas y, La Paz",cena La Paz Bolivia
ASAU,Restaurante,-16.533439899999998,-68.07230489999999,4.7,227,Bs 100-200,"C. Santiago Fajardo 123, La Paz",cena La Paz Bolivia
Bodegón Porteño,Restaurante argentino,-16.5103883,-68.124889,4.5,252,Bs 60-160,"Dentro de la Casa Argentina, Av.6 de Agosto # 2535, Casi esquina, La Paz",cena La Paz Bolivia
La Suisse Restaurant,Restaurante suizo,-16.5384982,-68.0815898,4.6,1163,Más de Bs 200,"Green Tower, Gral. Inofuentes piso 38, La Paz",cena La Paz Bolivia
Café del Mundo,Restaurante,-16.4974839,-68.13865609999999,4.3,2178,Bs 40-60,"Sagarnaga 324, La Paz",cena La Paz Bolivia
LUDO COCINA A LA VISTA,Restaurante francés,-16.509089799999998,-68.1282409,4.5,345,Bs 80-180,"Pje. Medinacelli 2268, La Paz",cena La Paz Bolivia
New Delhi Curry Lounge,Restaurante indio,-16.4975772,-68.138699,4.7,403,Bs 40-100,"Sagarnaga 334, La Paz",cena La Paz Bolivia
La Boliviana,Restaurante,-16.4971051,-68.1378665,4.3,171,Bs 60-80,"Calle Sagárnaga esquina Murillo, Galería Chuquiago #213 [segundo piso",cena La Paz Bolivia
Don Hugo Parrilla ex Parrilla Casa Argentina,Restaurante argentino,-16.5115795,-68.12491589999999,4.3,1617,Bs 60-160,"Calle Lisimaco Gutierrez #393, 20 de octubre y, La Paz",cena La Paz Bolivia
Ali Pacha,Restaurante vegetariano,-16.4975331,-68.1331288,4.3,822,Más de Bs 200,"C. Colon 1306, La Paz",cena La Paz Bolivia
Café Restaurante Banais,Restaurante,-16.4967917,-68.1372583,4.5,853,Bs 40-120,"Sagarnaga 161, La Paz",cena La Paz Bolivia
La Casa del Camba - Restaurant- La Paz,Restaurante,-16.5405987,-68.08425009999999,4.0,294,Bs 80-180,"El Bosque, Calle 15 de Calacoto, Boulevard, La Paz",cena La Paz Bolivia
Carbón & Sal,Restaurante argentino,-16.5347784,-68.0724923,4.4,189,Bs 60-140,"Achumani, Av. Alexander Esq, C. 13 70, La Paz",cena La Paz Bolivia
El Vagón del Sur,Restaurante,-16.5449043,-68.08908989999999,4.4,915,Bs 80-180,"Ave Los Sauces, La Paz",cena La Paz Bolivia
Carbón & Sal,Restaurante argentino,-16.5347784,-68.0724923,4.4,189,Bs 60-140,"Achumani, Av. Alexander Esq, C. 13 70, La Paz",cena La Paz Bolivia
FUEGO Parrilla Experience,Restaurante,-16.5432658,-68.08228079999999,4.2,788,Bs 100-200,"C. Adolfo Gonzales N27, La Paz",cena La Paz Bolivia
The Lucky Llama Irish Bar,Pub irlandés,-16.4962916,-68.13881909999999,4.5,326,Bs 40-80,"casi equina, galeria sumaya, Linares 809, La Paz",cena La Paz Bolivia
Restaurante Cafeteria Sabor Urbano,Restaurante,-16.4975816,-68.1385245,4.8,141,Bs 20-40,"Sagarnaga 319, La Paz",cena La Paz Bolivia
Mestizo Cocina de Autor,Restaurante,-16.5404124,-68.08739179999999,4.8,205,Bs 80-140,"Calle 12 de Calacoto Edif. Peñaloza N°7900, Av. Ballivián y",cena La Paz Bolivia
Tinto,Restaurante especializado en filetes,-16.543660499999998,-68.0875587,4.5,997,$$$,"one block from Calvert School, 9th Street of Calacoto, Las Kantutas, La Paz",cena La Paz Bolivia
Sach’a Yuntas,Restaurante peruano,-16.5408397,-68.0843577,4.5,122,Bs 80-200,La Paz,cena La Paz Bolivia
Popular Cocina Boliviana,Restaurante,-16.496019699999998,-68.1382794,4.6,1470,Bs 80-100,"Murillo 826, La Paz",cena La Paz Bolivia
Bolivian Green Kitchen,Restaurante de cocina sudamericana,-16.4975243,-68.13866349999999,4.4,540,Bs 20-100,"Hotel Sagarnaga, C. Sagarnaga 326, La Paz",cena La Paz Bolivia
Il Falco,Restaurante italiano,-16.508532199999998,-68.1290729,4.3,797,Bs 60-80,"Guachalla 452, La Paz",cena La Paz Bolivia
Restaurant Vienna,Restaurante de cocina europea,-16.5030745,-68.12954359999999,4.4,845,Bs 40-140,"Federico Zuazo #1905, Casilla: #56, La Paz",cena La Paz Bolivia
Propiedad Pública,Restaurante,-16.543456499999998,-68.07960729999999,4.4,372,Bs 60-120,"Enrique Peñaranda, La Paz",cena La Paz Bolivia
La Grosería,Restaurante,-16.4979984,-68.13800119999999,4.4,545,Bs 40-60,"Calle Linares #940, Sagarnaga y, La Paz",cena La Paz Bolivia
Ita Bella Restaurant,Restaurante,-16.514964499999998,-68.1277078,4.2,500,Bs 40-60,"De La Oliva 2805, La Paz",cena La Paz Bolivia
Nina Brasas con Altura,Restaurante italiano,-16.538343599999997,-68.08159239999999,4.1,415,Bs 100-200,"Av. de La Fuerza Naval, 3° Andar, La Paz",cena La Paz Bolivia
Tutto Pasta,Restaurante italiano,-16.5435673,-68.0799026,4.1,162,Bs 60-160,"Gabriel René Moreno 1050, La Paz",cena La Paz Bolivia
Restaurant Doña Remedios,Restaurante de cocina sudamericana,-16.5058672,-68.1289199,4.2,633,Bs 40-60,"Montevideo, Av. Arce 2081, La Paz",cena La Paz Bolivia
Churrasquería Sabor Gaucho,Restaurante argentino,-16.5076392,-68.1279508,4.2,1435,Bs 60-160,"Av.6 de Agosto nº 319, La Paz",cena La Paz Bolivia
La Bastille,Restaurante francés,-16.5361857,-68.0780115,4.6,277,Bs 60-140,"FW7C+GQH, La Paz",cena La Paz Bolivia
Mi Chola,Restaurante,-16.508539,-68.1284089,4.5,507,Más de Bs 200,"20 de octubre # 2228, Pje. Medinacelli #2228, La Paz",cena La Paz Bolivia
El Rincón Español,Restaurante de cocina española,-16.5105021,-68.1239507,4.4,301,Bs 80-160,"FVQG+QCV, La Paz",cena La Paz Bolivia
Restaurant Chabuca,Restaurante peruano,-16.4978233,-68.1191576,4.3,631,Bs 60-180,Av. Brasil entre calles Pasoskanki y Lucas Jaime Nª 1624,cena La Paz Bolivia
Cafe Vida Vegan & Healthy Restaurant La Paz,Restaurante vegano,-16.4987778,-68.1374321,4.8,360,Bs 20-40,"el que baja al Teleférico Morado, Pasaje Juan XXIII, detrás de la calle Tarija.187, a la vuelta del English Pub, Juan XXIII, La Paz",cena La Paz Bolivia
The Steakhouse,Carvery,-16.4981693,-68.1368185,4.2,1745,$$$,"Murillo 1007, La Paz",cena La Paz Bolivia
Parrilla 62,Restaurante,-16.518617799999998,-68.0871028,4.4,50,Bs 80-100,"C. Hermanos Pinto Telleria 6321, La Paz",cena La Paz Bolivia
El Rincon de Venezuela,Restaurante,-16.544396,-68.08001639999999,4.4,129,Bs 40-60,"Booke K No12, Gabriel René Moreno, La Paz",cena La Paz Bolivia
Restaurant Furusato,Restaurante de sushi,-16.5390806,-68.0893751,4.6,667,Bs 60-160,"Av. de la Fuerza Naval 437, La Paz",cena La Paz Bolivia
Sumaq Mikhuy Comida Nacional,Restaurante,-16.5413274,-68.0879822,4.2,199,Bs 20-100,"Av. Sanchez Bustamante N°8025, esquina calle 11 de Calacoto, La Paz",cena La Paz Bolivia
Rodizio La Pradera,Buffet libre,-16.5066093,-68.1303805,4.2,506,Bs 100-120,"FVV9+9R5, La Paz",cena La Paz Bolivia
Chez Moustache,Restaurante francés,-16.5079067,-68.1281175,3.9,257,Bs 20-40,"Edificio Carlos I, Calle Fernando Guachalla 369, La Paz",cena La Paz Bolivia
Reineke Fuchs,Restaurante alemán,-16.5411556,-68.08107869999999,4.3,972,Bs 80-160,"FW59+GHM, Av. Montenegro, La Paz",cena La Paz Bolivia
New Moti Mehal,Restaurante indio,-16.497938599999998,-68.1370103,4.4,254,Bs 20-100,"Murillo 993, La Paz",cena La Paz Bolivia
La Catrina,Pub restaurante,-16.5376267,-68.0818172,4.5,349,Bs 60-140,"Calle 1 de achumani, La Paz",cena La Paz Bolivia
Beef & Beer,Restaurante,-16.5098019,-68.12566509999999,4.3,672,Bs 60-80,"Av.6 de Agosto 2460, La Paz",cena La Paz Bolivia
Tambo,Restaurante de cocina sudamericana,-16.4975217,-68.1386289,4.3,153,Bs 40-60,"Hotel Sagarnaga, Sagarnaga 326, La Paz",cena La Paz Bolivia
Pronto Dalicatessen,Restaurante italiano,-16.508262,-68.127665,4.3,419,Bs 80-100,"Jauregui 2248, La Paz",cena La Paz Bolivia
Paladar-Cozinha Brasileira,Restaurante brasileño,-16.5425212,-68.0782256,4.5,577,Bs 60-160,"Av. Montenegro 858 Casi esquina, La Paz",cena La Paz Bolivia
Curry House,Restaurante indio,-16.4986765,-68.1374404,4.5,610,Bs 60-120,Calle Tarija con linares N°189 zona central,cena La Paz Bolivia
Cacique Siñani,Restaurante,-16.503866,-68.1309157,3.9,141,Bs 20-60,"Plaza del Estudiante, Batallón Colorados n°1604, La Paz",cena La Paz Bolivia
Ciclik,Restaurante,-16.509007699999998,-68.1274857,4.0,587,Bs 20-80,"Sopocachi, Rosendo Gutierrez, Esq #393, La Paz",cena La Paz Bolivia
